Workbook

Sheet Dashboard
B2: AI IMPLOSION DASHBOARD
B3: Built by KK Reddy
B4: ="Equity, AI-financing & credit stress (9 indicators) | Data as of "&TEXT(MAX(tblHistory[Date]),"dd-mmm-yyyy")
B7: STRESS SCORE | D7: STATUS | F7: TRIGGERS | H7: CURRENT LEVEL | J7: L4 FIRST DATE
B8: =Tracker!C5 | D8: =Tracker!C7 | F8: =Tracker!C6 | H8: =Tracker!C17 | J8: =IF(Tracker!C18="","None yet",TEXT(Tracker!C18,"dd-mmm-yyyy"))
B9: ="out of 100" | D9: ="Score band" | F9: ="factors at stress 100%" | H9: ="5 straight days rule" | J9: ="first L4 streak"
B11: FACTOR DETAIL
B12: Metric | C12: Weight | D12: 2Y High (spreads: 52W Low) | E12: Current | F12: Drawdown (spreads: +bp vs low) | G12: Calm | H12: Trigger | I12: Trigger price (HY: band) | J12: Stress | K12: Status | L12: Widen calm (+bp) | M12: Widen trigger (+bp)
B13: Nasdaq-100 (NDX) | C13: 0.18 | D13: =_xlfn.MAXIFS(tblHistory[NDX],tblHistory[Date],"<="&MAX(tblHistory[Date]),tblHistory[Date],">="&MAX(tblHistory[Date])-730) | E13: =SUMIFS(tblHistory[NDX],tblHistory[Date],_xlfn.MAXIFS(tblHistory[Date],tblHistory[NDX],"<>")) | F13: =E13/D13-1 | G13: -0.05 | H13: -0.25 | I13: =D13*(1+H13) | J13: =MIN(1,MAX(0,(F13-G13)/(H13-G13))) | K13: =IF(J13=1,"TRIGGERED",IF(J13>=0.5,"WARNING",IF(J13>0,"WATCH","CALM")))
B14: Semiconductors (SOX) | C14: 0.18 | D14: =_xlfn.MAXIFS(tblHistory[SOX],tblHistory[Date],"<="&MAX(tblHistory[Date]),tblHistory[Date],">="&MAX(tblHistory[Date])-730) | E14: =SUMIFS(tblHistory[SOX],tblHistory[Date],_xlfn.MAXIFS(tblHistory[Date],tblHistory[SOX],"<>")) | F14: =E14/D14-1 | G14: -0.1 | H14: -0.4 | I14: =D14*(1+H14) | J14: =MIN(1,MAX(0,(F14-G14)/(H14-G14))) | K14: =IF(J14=1,"TRIGGERED",IF(J14>=0.5,"WARNING",IF(J14>0,"WATCH","CALM")))
B15: AI & tech ETF (AIQ) | C15: 0.09 | D15: =_xlfn.MAXIFS(tblHistory[AIQ],tblHistory[Date],"<="&MAX(tblHistory[Date]),tblHistory[Date],">="&MAX(tblHistory[Date])-730) | E15: =SUMIFS(tblHistory[AIQ],tblHistory[Date],_xlfn.MAXIFS(tblHistory[Date],tblHistory[AIQ],"<>")) | F15: =E15/D15-1 | G15: -0.05 | H15: -0.3 | I15: =D15*(1+H15) | J15: =MIN(1,MAX(0,(F15-G15)/(H15-G15))) | K15: =IF(J15=1,"TRIGGERED",IF(J15>=0.5,"WARNING",IF(J15>0,"WATCH","CALM")))
B16: Data-center infrastructure ETF (DTCR) | C16: 0.06 | D16: =_xlfn.MAXIFS(tblHistory[DTCR],tblHistory[Date],"<="&MAX(tblHistory[Date]),tblHistory[Date],">="&MAX(tblHistory[Date])-730) | E16: =SUMIFS(tblHistory[DTCR],tblHistory[Date],_xlfn.MAXIFS(tblHistory[Date],tblHistory[DTCR],"<>")) | F16: =E16/D16-1 | G16: -0.1 | H16: -0.35 | I16: =D16*(1+H16) | J16: =MIN(1,MAX(0,(F16-G16)/(H16-G16))) | K16: =IF(J16=1,"TRIGGERED",IF(J16>=0.5,"WARNING",IF(J16>0,"WATCH","CALM")))
B17: BBB corporate spread (bp) (BBB) | C17: 0.06 | D17: =_xlfn.MINIFS(tblHistory[BBB],tblHistory[Date],"<="&MAX(tblHistory[Date]),tblHistory[Date],">="&MAX(tblHistory[Date])-365) | E17: =SUMIFS(tblHistory[BBB],tblHistory[Date],_xlfn.MAXIFS(tblHistory[Date],tblHistory[BBB],"<>")) | F17: =E17-D17 | G17: 140 | H17: 250 | I17: — | J17: =MAX(MIN(1,MAX(0,(E17-G17)/(H17-G17))),MIN(1,MAX(0,(F17-L17)/(M17-L17)))) | K17: =IF(J17=1,"TRIGGERED",IF(J17>=0.5,"WARNING",IF(J17>0,"WATCH","CALM"))) | L17: 30 | M17: 100
B18: CCC high-yield spread (bp) (CCC) | C18: 0.06 | D18: =_xlfn.MINIFS(tblHistory[CCC],tblHistory[Date],"<="&MAX(tblHistory[Date]),tblHistory[Date],">="&MAX(tblHistory[Date])-365) | E18: =SUMIFS(tblHistory[CCC],tblHistory[Date],_xlfn.MAXIFS(tblHistory[Date],tblHistory[CCC],"<>")) | F18: =E18-D18 | G18: 900 | H18: 1500 | I18: — | J18: =MAX(MIN(1,MAX(0,(E18-G18)/(H18-G18))),MIN(1,MAX(0,(F18-L18)/(M18-L18)))) | K18: =IF(J18=1,"TRIGGERED",IF(J18>=0.5,"WARNING",IF(J18>0,"WATCH","CALM"))) | L18: 150 | M18: 500
B19: BDC (private credit) ETF (BIZD) | C19: 0.14 | D19: =_xlfn.MAXIFS(tblHistory[BIZD],tblHistory[Date],"<="&MAX(tblHistory[Date]),tblHistory[Date],">="&MAX(tblHistory[Date])-730) | E19: =SUMIFS(tblHistory[BIZD],tblHistory[Date],_xlfn.MAXIFS(tblHistory[Date],tblHistory[BIZD],"<>")) | F19: =E19/D19-1 | G19: -0.05 | H19: -0.25 | I19: =D19*(1+H19) | J19: =MIN(1,MAX(0,(F19-G19)/(H19-G19))) | K19: =IF(J19=1,"TRIGGERED",IF(J19>=0.5,"WARNING",IF(J19>0,"WATCH","CALM")))
B20: Leveraged loan ETF (BKLN) | C20: 0.13 | D20: =_xlfn.MAXIFS(tblHistory[BKLN],tblHistory[Date],"<="&MAX(tblHistory[Date]),tblHistory[Date],">="&MAX(tblHistory[Date])-730) | E20: =SUMIFS(tblHistory[BKLN],tblHistory[Date],_xlfn.MAXIFS(tblHistory[Date],tblHistory[BKLN],"<>")) | F20: =E20/D20-1 | G20: -0.02 | H20: -0.08 | I20: =D20*(1+H20) | J20: =MIN(1,MAX(0,(F20-G20)/(H20-G20))) | K20: =IF(J20=1,"TRIGGERED",IF(J20>=0.5,"WARNING",IF(J20>0,"WATCH","CALM")))
B21: High-yield spread (bp) (HY) | C21: 0.1 | D21: =_xlfn.MINIFS(tblHistory[HY],tblHistory[Date],"<="&MAX(tblHistory[Date]),tblHistory[Date],">="&MAX(tblHistory[Date])-365) | E21: =SUMIFS(tblHistory[HY],tblHistory[Date],_xlfn.MAXIFS(tblHistory[Date],tblHistory[HY],"<>")) | F21: =E21-D21 | G21: 400 | H21: 600 | I21: =IF(E21<300,"Very Healthy",IF(E21<400,"Normal",IF(E21<500,"Watch",IF(E21<600,"Warning",IF(E21<800,"Severe Stress","Crisis"))))) | J21: =MAX(MIN(1,MAX(0,(E21-G21)/(H21-G21))),MIN(1,MAX(0,(F21-L21)/(M21-L21)))) | K21: =IF(J21=1,"TRIGGERED",IF(J21>=0.5,"WARNING",IF(J21>0,"WATCH","CALM"))) | L21: 75 | M21: 250
B22: Total weight | C22: =SUM(C13:C21)
B23: How it works: Prices: drawdown = dividend-adjusted close ÷ highest close of the last 2 years − 1; stress = clamp((x − Calm)/(Trigger − Calm), 0, 1). Spreads (bp): stress = the higher of the level test (Calm/Trigger) and the widening test (+bp over the 52-week low vs Widen calm/trigger). Score = weighted stress × 100. Levels need 5 straight trading days: L1 Score≥50 · L2 Score≥60 + (BIZD≥80% + BKLN≥50%, or CCC≥80%) · L3 Score≥70 + SOX≥83% + AIQ≥80% · L4 Score≥75 + NDX=100% + (HY≥500bp or BIZD=100%). Implosion date = first day of the first L4 streak. Levels are independent tripwires; they show PAUSED in recovery mode (Nasdaq-100 20%+ above its low since its 2-year high). Shock flag: Score≥60 with no level confirmed. Blue cells are editable.
B78: AI Implosion Dashboard · designed by KK Reddy

Sheet Tracker
B2: TRACKER — score & levels
B4: Latest date | C4: =MAX(tblHistory[Date])
B5: Score | C5: =INDEX(tblHistory[Score],MATCH(C4,tblHistory[Date],0))
B6: Triggers | C6: =COUNTIF(Dashboard!K13:K21,"TRIGGERED")&" of 9"
B7: Band | C7: =IF(C18<>"","IMPLOSION CONFIRMED",IFERROR(IF(C5<25,"NORMAL",IF(C5<50,"ELEVATED",IF(C5<75,"SEVERE","CRITICAL"))),"WARM-UP"))
B10: LEVELS
B11: Level | C11: Name | D11: First date (5-day start) | E11: Active now
B12: L1 | C12: Warning | D12: =IF(COUNTIF(tblHistory[L1S],1),_xlfn.MINIFS(tblHistory[Date],tblHistory[L1S],1),"") | E12: =IF(COUNTIFS(tblHistory[Date],">="&LARGE(tblHistory[Date],5),tblHistory[L1],1)=5,IF(C21="ON","PAUSED (recovery)","YES"),"NO")
B13: L2 | C13: Financing Stress | D13: =IF(COUNTIF(tblHistory[L2S],1),_xlfn.MINIFS(tblHistory[Date],tblHistory[L2S],1),"") | E13: =IF(COUNTIFS(tblHistory[Date],">="&LARGE(tblHistory[Date],5),tblHistory[L2],1)=5,IF(C21="ON","PAUSED (recovery)","YES"),"NO")
B14: L3 | C14: Bubble Unwind | D14: =IF(COUNTIF(tblHistory[L3S],1),_xlfn.MINIFS(tblHistory[Date],tblHistory[L3S],1),"") | E14: =IF(COUNTIFS(tblHistory[Date],">="&LARGE(tblHistory[Date],5),tblHistory[L3],1)=5,IF(C21="ON","PAUSED (recovery)","YES"),"NO")
B15: L4 | C15: AI Implosion | D15: =IF(COUNTIF(tblHistory[L4S],1),_xlfn.MINIFS(tblHistory[Date],tblHistory[L4S],1),"") | E15: =IF(COUNTIFS(tblHistory[Date],">="&LARGE(tblHistory[Date],5),tblHistory[L4],1)=5,IF(C21="ON","PAUSED (recovery)","YES"),"NO")
B17: Current level | C17: =IF(E15="YES","L4 AI Implosion",IF(E14="YES","L3 Bubble Unwind",IF(E13="YES","L2 Financing Stress",IF(E12="YES","L1 Warning","None"))))
B18: AI Implosion date | C18: =D15
B19: Shock flag | C19: =IF(AND(N(C5)>=60,COUNTIF(E12:E15,"NO")=4),"ON","off")
B21: Recovery mode | C21: =IF(IFERROR(ROUND(INDEX(tblHistory[NDX],MATCH(C4,tblHistory[Date],0))/_xlfn.MINIFS(tblHistory[NDX],tblHistory[Date],">="&_xlfn.MAXIFS(tblHistory[Date],tblHistory[NDX],_xlfn.MAXIFS(tblHistory[NDX],tblHistory[Date],">="&C4-730,tblHistory[Date],"<="&C4),tblHistory[Date],">="&C4-730,tblHistory[Date],"<="&C4),tblHistory[Date],"<="&C4)-1,9),0)>=0.2,"ON","off") | D21: =IFERROR(INDEX(tblHistory[NDX],MATCH(C4,tblHistory[Date],0))/_xlfn.MINIFS(tblHistory[NDX],tblHistory[Date],">="&_xlfn.MAXIFS(tblHistory[Date],tblHistory[NDX],_xlfn.MAXIFS(tblHistory[NDX],tblHistory[Date],">="&C4-730,tblHistory[Date],"<="&C4),tblHistory[Date],">="&C4-730,tblHistory[Date],"<="&C4),tblHistory[Date],"<="&C4)-1,"")
B23: Levels are independent tripwires, not a ladder. Recovery mode = Nasdaq-100 20%+ above its lowest close since its 2-year high; active levels show PAUSED then, and start dates never move. Shock flag = score ≥ 60 with no level confirmed (not a level).

Sheet History
A1: LIVE DATA — Yahoo Finance dividend-adjusted closes + FRED spreads (x100, bp). Auto-refreshed 27-Oct-2026 22:49. Newest row on top.
A2: Inputs: Date + 9 values (light blue). Everything from 'NDX S' onward is calculated — don't type there. Blank cells carry the last value.
A3: Date | B3: NDX | C3: SOX | D3: AIQ | E3: DTCR | F3: BBB | G3: CCC | H3: BIZD | I3: BKLN | J3: HY | K3: NDX S | L3: SOX S | M3: AIQ S | N3: DTCR S | O3: BBB S | P3: CCC S | Q3: BIZD S | R3: BKLN S | S3: HY S | T3: EquityP | U3: FinP | V3: CreditP | W3: Score | X3: L1 | Y3: L2 | Z3: L3 | AA3: L4 | AB3: L1S | AC3: L2S | AD3: L3S | AE3: L4S
A4: 46322 | B4: 29651.441 | C4: 11482.505 | D4: 63.66 | E4: 26.13 | H4: 12.09 | I4: 20.38 | K4: =IF(tblHistory[[#This Row],[Date]]-MIN(tblHistory[Date])<729,NA(),IF(IF(ISNUMBER(tblHistory[[#This Row],[NDX]]),tblHistory[[#This Row],[NDX]],SUMIFS(tblHistory[NDX],tblHistory[Date],_xlfn.MAXIFS(tblHistory[Date],tblHistory[Date],"<"&tblHistory[[#This Row],[Date]],tblHistory[NDX],"<>")))=0,0,MIN(1,MAX(0,((IF(ISNUMBER(tblHistory[[#This Row],[NDX]]),tblHistory[[#This Row],[NDX]],SUMIFS(tblHistory[NDX],tblHistory[Date],_xlfn.MAXIFS(tblHistory[Date],tblHistory[Date],"<"&tblHistory[[#This Row],[Date]],tblHistory[NDX],"<>")))/_xlfn.MAXIFS(tblHistory[NDX],tblHistory[Date],"<="&tblHistory[[#This Row],[Date]],tblHistory[Date],">="&tblHistory[[#This Row],[Date]]-730)-1)-Dashboard!$G$13)/(Dashboard!$H$13-Dashboard!$G$13))))) | L4: =IF(tblHistory[[#This Row],[Date]]-MIN(tblHistory[Date])<729,NA(),IF(IF(ISNUMBER(tblHistory[[#This Row],[SOX]]),tblHistory[[#This Row],[SOX]],SUMIFS(tblHistory[SOX],tblHistory[Date],_xlfn.MAXIFS(tblHistory[Date],tblHistory[Date],"<"&tblHistory[[#This Row],[Date]],tblHistory[SOX],"<>")))=0,0,MIN(1,MAX(0,((IF(ISNUMBER(tblHistory[[#This Row],[SOX]]),tblHistory[[#This Row],[SOX]],SUMIFS(tblHistory[SOX],tblHistory[Date],_xlfn.MAXIFS(tblHistory[Date],tblHistory[Date],"<"&tblHistory[[#This Row],[Date]],tblHistory[SOX],"<>")))/_xlfn.MAXIFS(tblHistory[SOX],tblHistory[Date],"<="&tblHistory[[#This Row],[Date]],tblHistory[Date],">="&tblHistory[[#This Row],[Date]]-730)-1)-Dashboard!$G$14)/(Dashboard!$H$14-Dashboard!$G$14))))) | M4: =IF(tblHistory[[#This Row],[Date]]-MIN(tblHistory[Date])<729,NA(),IF(IF(ISNUMBER(tblHistory[[#This Row],[AIQ]]),tblHistory[[#This Row],[AIQ]],SUMIFS(tblHistory[AIQ],tblHistory[Date],_xlfn.MAXIFS(tblHistory[Date],tblHistory[Date],"<"&tblHistory[[#This Row],[Date]],tblHistory[AIQ],"<>")))=0,0,MIN(1,MAX(0,((IF(ISNUMBER(tblHistory[[#This Row],[AIQ]]),tblHistory[[#This Row],[AIQ]],SUMIFS(tblHistory[AIQ],tblHistory[Date],_xlfn.MAXIFS(tblHistory[Date],tblHistory[Date],"<"&tblHistory[[#This Row],[Date]],tblHistory[AIQ],"<>")))/_xlfn.MAXIFS(tblHistory[AIQ],tblHistory[Date],"<="&tblHistory[[#This Row],[Date]],tblHistory[Date],">="&tblHistory[[#This Row],[Date]]-730)-1)-Dashboard!$G$15)/(Dashboard!$H$15-Dashboard!$G$15))))) | N4: =IF(tblHistory[[#This Row],[Date]]-MIN(tblHistory[Date])<729,NA(),IF(IF(ISNUMBER(tblHistory[[#This Row],[DTCR]]),tblHistory[[#This Row],[DTCR]],SUMIFS(tblHistory[DTCR],tblHistory[Date],_xlfn.MAXIFS(tblHistory[Date],tblHistory[Date],"<"&tblHistory[[#This Row],[Date]],tblHistory[DTCR],"<>")))=0,0,MIN(1,MAX(0,((IF(ISNUMBER(tblHistory[[#This Row],[DTCR]]),tblHistory[[#This Row],[DTCR]],SUMIFS(tblHistory[DTCR],tblHistory[Date],_xlfn.MAXIFS(tblHistory[Date],tblHistory[Date],"<"&tblHistory[[#This Row],[Date]],tblHistory[DTCR],"<>")))/_xlfn.MAXIFS(tblHistory[DTCR],tblHistory[Date],"<="&tblHistory[[#This Row],[Date]],tblHistory[Date],">="&tblHistory[[#This Row],[Date]]-730)-1)-Dashboard!$G$16)/(Dashboard!$H$16-Dashboard!$G$16))))) | O4: =IF(tblHistory[[#This Row],[Date]]-MIN(tblHistory[Date])<729,NA(),MAX(MIN(1,MAX(0,(IF(ISNUMBER(tblHistory[[#This Row],[BBB]]),tblHistory[[#This Row],[BBB]],SUMIFS(tblHistory[BBB],tblHistory[Date],_xlfn.MAXIFS(tblHistory[Date],tblHistory[Date],"<"&tblHistory[[#This Row],[Date]],tblHistory[BBB],"<>")))-Dashboard!$G$17)/(Dashboard!$H$17-Dashboard!$G$17))),MIN(1,MAX(0,(IF(ISNUMBER(tblHistory[[#This Row],[BBB]]),tblHistory[[#This Row],[BBB]],SUMIFS(tblHistory[BBB],tblHistory[Date],_xlfn.MAXIFS(tblHistory[Date],tblHistory[Date],"<"&tblHistory[[#This Row],[Date]],tblHistory[BBB],"<>")))-_xlfn.MINIFS(tblHistory[BBB],tblHistory[Date],"<="&tblHistory[[#This Row],[Date]],tblHistory[Date],">="&tblHistory[[#This Row],[Date]]-365)-Dashboard!$L$17)/(Dashboard!$M$17-Dashboard!$L$17))))) | P4: =IF(tblHistory[[#This Row],[Date]]-MIN(tblHistory[Date])<729,NA(),MAX(MIN(1,MAX(0,(IF(ISNUMBER(tblHistory[[#This Row],[CCC]]),tblHistory[[#This Row],[CCC]],SUMIFS(tblHistory[CCC],tblHistory[Date],_xlfn.MAXIFS(tblHistory[Date],tblHistory[Date],"<"&tblHistory[[#This Row],[Date]],tblHistory[CCC],"<>")))-Dashboard!$G$18)/(Dashboard!$H$18-Dashboard!$G$18))),MIN(1,MAX(0,(IF(ISNUMBER(tblHistory[[#This Row],[CCC]]),tblHistory[[#This Row],[CCC]],SUMIFS(tblHistory[CCC],tblHistory[Date],_xlfn.MAXIFS(tblHistory[Date],tblHistory[Date],"<"&tblHistory[[#This Row],[Date]],tblHistory[CCC],"<>")))-_xlfn.MINIFS(tblHistory[CCC],tblHistory[Date],"<="&tblHistory[[#This Row],[Date]],tblHistory[Date],">="&tblHistory[[#This Row],[Date]]-365)-Dashboard!$L$18)/(Dashboard!$M$18-Dashboard!$L$18))))) | Q4: =IF(tblHistory[[#This Row],[Date]]-MIN(tblHistory[Date])<729,NA(),IF(IF(ISNUMBER(tblHistory[[#This Row],[BIZD]]),tblHistory[[#This Row],[BIZD]],SUMIFS(tblHistory[BIZD],tblHistory[Date],_xlfn.MAXIFS(tblHistory[Date],tblHistory[Date],"<"&tblHistory[[#This Row],[Date]],tblHistory[BIZD],"<>")))=0,0,MIN(1,MAX(0,((IF(ISNUMBER(tblHistory[[#This Row],[BIZD]]),tblHistory[[#This Row],[BIZD]],SUMIFS(tblHistory[BIZD],tblHistory[Date],_xlfn.MAXIFS(tblHistory[Date],tblHistory[Date],"<"&tblHistory[[#This Row],[Date]],tblHistory[BIZD],"<>")))/_xlfn.MAXIFS(tblHistory[BIZD],tblHistory[Date],"<="&tblHistory[[#This Row],[Date]],tblHistory[Date],">="&tblHistory[[#This Row],[Date]]-730)-1)-Dashboard!$G$19)/(Dashboard!$H$19-Dashboard!$G$19))))) | R4: =IF(tblHistory[[#This Row],[Date]]-MIN(tblHistory[Date])<729,NA(),IF(IF(ISNUMBER(tblHistory[[#This Row],[BKLN]]),tblHistory[[#This Row],[BKLN]],SUMIFS(tblHistory[BKLN],tblHistory[Date],_xlfn.MAXIFS(tblHistory[Date],tblHistory[Date],"<"&tblHistory[[#This Row],[Date]],tblHistory[BKLN],"<>")))=0,0,MIN(1,MAX(0,((IF(ISNUMBER(tblHistory[[#This Row],[BKLN]]),tblHistory[[#This Row],[BKLN]],SUMIFS(tblHistory[BKLN],tblHistory[Date],_xlfn.MAXIFS(tblHistory[Date],tblHistory[Date],"<"&tblHistory[[#This Row],[Date]],tblHistory[BKLN],"<>")))/_xlfn.MAXIFS(tblHistory[BKLN],tblHistory[Date],"<="&tblHistory[[#This Row],[Date]],tblHistory[Date],">="&tblHistory[[#This Row],[Date]]-730)-1)-Dashboard!$G$20)/(Dashboard!$H$20-Dashboard!$G$20))))) | S4: =IF(tblHistory[[#This Row],[Date]]-MIN(tblHistory[Date])<729,NA(),MAX(MIN(1,MAX(0,(IF(ISNUMBER(tblHistory[[#This Row],[HY]]),tblHistory[[#This Row],[HY]],SUMIFS(tblHistory[HY],tblHistory[Date],_xlfn.MAXIFS(tblHistory[Date],tblHistory[Date],"<"&tblHistory[[#This Row],[Date]],tblHistory[HY],"<>")))-Dashboard!$G$21)/(Dashboard!$H$21-Dashboard!$G$21))),MIN(1,MAX(0,(IF(ISNUMBER(tblHistory[[#This Row],[HY]]),tblHistory[[#This Row],[HY]],SUMIFS(tblHistory[HY],tblHistory[Date],_xlfn.MAXIFS(tblHistory[Date],tblHistory[Date],"<"&tblHistory[[#This Row],[Date]],tblHistory[HY],"<>")))-_xlfn.MINIFS(tblHistory[HY],tblHistory[Date],"<="&tblHistory[[#This Row],[Date]],tblHistory[Date],">="&tblHistory[[#This Row],[Date]]-365)-Dashboard!$L$21)/(Dashboard!$M$21-Dashboard!$L$21))))) | T4: =(Dashboard!$C$13*tblHistory[[#This Row],[NDX S]]+Dashboard!$C$14*tblHistory[[#This Row],[SOX S]]+Dashboard!$C$15*tblHistory[[#This Row],[AIQ S]])/(Dashboard!$C$13+Dashboard!$C$14+Dashboard!$C$15)*100 | U4: =(Dashboard!$C$16*tblHistory[[#This Row],[DTCR S]]+Dashboard!$C$17*tblHistory[[#This Row],[BBB S]]+Dashboard!$C$18*tblHistory[[#This Row],[CCC S]])/(Dashboard!$C$16+Dashboard!$C$17+Dashboard!$C$18)*100 | V4: =(Dashboard!$C$19*tblHistory[[#This Row],[BIZD S]]+Dashboard!$C$20*tblHistory[[#This Row],[BKLN S]]+Dashboard!$C$21*tblHistory[[#This Row],[HY S]])/(Dashboard!$C$19+Dashboard!$C$20+Dashboard!$C$21)*100 | W4: =ROUND((Dashboard!$C$13*tblHistory[[#This Row],[NDX S]]+Dashboard!$C$14*tblHistory[[#This Row],[SOX S]]+Dashboard!$C$15*tblHistory[[#This Row],[AIQ S]]+Dashboard!$C$16*tblHistory[[#This Row],[DTCR S]]+Dashboard!$C$17*tblHistory[[#This Row],[BBB S]]+Dashboard!$C$18*tblHistory[[#This Row],[CCC S]]+Dashboard!$C$19*tblHistory[[#This Row],[BIZD S]]+Dashboard!$C$20*tblHistory[[#This Row],[BKLN S]]+Dashboard!$C$21*tblHistory[[#This Row],[HY S]])/(Dashboard!$C$13+Dashboard!$C$14+Dashboard!$C$15+Dashboard!$C$16+Dashboard!$C$17+Dashboard!$C$18+Dashboard!$C$19+Dashboard!$C$20+Dashboard!$C$21)*100,0) | X4: =IFERROR(--(tblHistory[[#This Row],[Score]]>=50),0) | Y4: =IFERROR(--AND(tblHistory[[#This Row],[Score]]>=60,OR(AND(tblHistory[[#This Row],[BIZD S]]>=0.8,tblHistory[[#This Row],[BKLN S]]>=0.5),tblHistory[[#This Row],[CCC S]]>=0.8)),0) | Z4: =IFERROR(--AND(tblHistory[[#This Row],[Score]]>=70,tblHistory[[#This Row],[SOX S]]>=0.83,tblHistory[[#This Row],[AIQ S]]>=0.8),0) | AA4: =IFERROR(--AND(tblHistory[[#This Row],[Score]]>=75,tblHistory[[#This Row],[NDX S]]=1,OR(IF(ISNUMBER(tblHistory[[#This Row],[HY]]),tblHistory[[#This Row],[HY]],SUMIFS(tblHistory[HY],tblHistory[Date],_xlfn.MAXIFS(tblHistory[Date],tblHistory[Date],"<"&tblHistory[[#This Row],[Date]],tblHistory[HY],"<>")))>=500,tblHistory[[#This Row],[BIZD S]]=1)),0) | AB4: =IFERROR(--(COUNTIFS(tblHistory[Date],">="&tblHistory[[#This Row],[Date]],tblHistory[Date],"<="&_xlfn.AGGREGATE(15,6,tblHistory[Date]/(tblHistory[Date]>=tblHistory[[#This Row],[Date]]),5),tblHistory[L1],1)=5),0) | AC4: =IFERROR(--(COUNTIFS(tblHistory[Date],">="&tblHistory[[#This Row],[Date]],tblHistory[Date],"<="&_xlfn.AGGREGATE(15,6,tblHistory[Date]/(tblHistory[Date]>=tblHistory[[#This Row],[Date]]),5),tblHistory[L2],1)=5),0) | AD4: =IFERROR(--(COUNTIFS(tblHistory[Date],">="&tblHistory[[#This Row],[Date]],tblHistory[Date],"<="&_xlfn.AGGREGATE(15,6,tblHistory[Date]/(tblHistory[Date]>=tblHistory[[#This Row],[Date]]),5),tblHistory[L3],1)=5),0) | AE4: =IFERROR(--(COUNTIFS(tblHistory[Date],">="&tblHistory[[#This Row],[Date]],tblHistory[Date],"<="&_xlfn.AGGREGATE(15,6,tblHistory[Date]/(tblHistory[Date]>=tblHistory[[#This Row],[Date]]),5),tblHistory[L4],1)=5),0)
A5: 46321 | B5: 29273.4 | C5: 11083.47 | D5: 62.94 | E5: 25.68 | F5: 112 | G5: 1345 | H5: 11.9 | I5: 20.3 | J5: 330 | K5: =IF(tblHistory[[#This Row],[Date]]-MIN(tblHistory[Date])<729,NA(),IF(IF(ISNUMBER(tblHistory[[#This Row],[NDX]]),tblHistory[[#This Row],[NDX]],SUMIFS(tblHistory[NDX],tblHistory[Date],_xlfn.MAXIFS(tblHistory[Date],tblHistory[Date],"<"&tblHistory[[#This Row],[Date]],tblHistory[NDX],"<>")))=0,0,MIN(1,MAX(0,((IF(ISNUMBER(tblHistory[[#This Row],[NDX]]),tblHistory[[#This Row],[NDX]],SUMIFS(tblHistory[NDX],tblHistory[Date],_xlfn.MAXIFS(tblHistory[Date],tblHistory[Date],"<"&tblHistory[[#This Row],[Date]],tblHistory[NDX],"<>")))/_xlfn.MAXIFS(tblHistory[NDX],tblHistory[Date],"<="&tblHistory[[#This Row],[Date]],tblHistory[Date],">="&tblHistory[[#This Row],[Date]]-730)-1)-Dashboard!$G$13)/(Dashboard!$H$13-Dashboard!$G$13))))) | L5: =IF(tblHistory[[#This Row],[Date]]-MIN(tblHistory[Date])<729,NA(),IF(IF(ISNUMBER(tblHistory[[#This Row],[SOX]]),tblHistory[[#This Row],[SOX]],SUMIFS(tblHistory[SOX],tblHistory[Date],_xlfn.MAXIFS(tblHistory[Date],tblHistory[Date],"<"&tblHistory[[#This Row],[Date]],tblHistory[SOX],"<>")))=0,0,MIN(1,MAX(0,((IF(ISNUMBER(tblHistory[[#This Row],[SOX]]),tblHistory[[#This Row],[SOX]],SUMIFS(tblHistory[SOX],tblHistory[Date],_xlfn.MAXIFS(tblHistory[Date],tblHistory[Date],"<"&tblHistory[[#This Row],[Date]],tblHistory[SOX],"<>")))/_xlfn.MAXIFS(tblHistory[SOX],tblHistory[Date],"<="&tblHistory[[#This Row],[Date]],tblHistory[Date],">="&tblHistory[[#This Row],[Date]]-730)-1)-Dashboard!$G$14)/(Dashboard!$H$14-Dashboard!$G$14))))) | M5: =IF(tblHistory[[#This Row],[Date]]-MIN(tblHistory[Date])<729,NA(),IF(IF(ISNUMBER(tblHistory[[#This Row],[AIQ]]),tblHistory[[#This Row],[AIQ]],SUMIFS(tblHistory[AIQ],tblHistory[Date],_xlfn.MAXIFS(tblHistory[Date],tblHistory[Date],"<"&tblHistory[[#This Row],[Date]],tblHistory[AIQ],"<>")))=0,0,MIN(1,MAX(0,((IF(ISNUMBER(tblHistory[[#This Row],[AIQ]]),tblHistory[[#This Row],[AIQ]],SUMIFS(tblHistory[AIQ],tblHistory[Date],_xlfn.MAXIFS(tblHistory[Date],tblHistory[Date],"<"&tblHistory[[#This Row],[Date]],tblHistory[AIQ],"<>")))/_xlfn.MAXIFS(tblHistory[AIQ],tblHistory[Date],"<="&tblHistory[[#This Row],[Date]],tblHistory[Date],">="&tblHistory[[#This Row],[Date]]-730)-1)-Dashboard!$G$15)/(Dashboard!$H$15-Dashboard!$G$15))))) | N5: =IF(tblHistory[[#This Row],[Date]]-MIN(tblHistory[Date])<729,NA(),IF(IF(ISNUMBER(tblHistory[[#This Row],[DTCR]]),tblHistory[[#This Row],[DTCR]],SUMIFS(tblHistory[DTCR],tblHistory[Date],_xlfn.MAXIFS(tblHistory[Date],tblHistory[Date],"<"&tblHistory[[#This Row],[Date]],tblHistory[DTCR],"<>")))=0,0,MIN(1,MAX(0,((IF(ISNUMBER(tblHistory[[#This Row],[DTCR]]),tblHistory[[#This Row],[DTCR]],SUMIFS(tblHistory[DTCR],tblHistory[Date],_xlfn.MAXIFS(tblHistory[Date],tblHistory[Date],"<"&tblHistory[[#This Row],[Date]],tblHistory[DTCR],"<>")))/_xlfn.MAXIFS(tblHistory[DTCR],tblHistory[Date],"<="&tblHistory[[#This Row],[Date]],tblHistory[Date],">="&tblHistory[[#This Row],[Date]]-730)-1)-Dashboard!$G$16)/(Dashboard!$H$16-Dashboard!$G$16))))) | O5: =IF(tblHistory[[#This Row],[Date]]-MIN(tblHistory[Date])<729,NA(),MAX(MIN(1,MAX(0,(IF(ISNUMBER(tblHistory[[#This Row],[BBB]]),tblHistory[[#This Row],[BBB]],SUMIFS(tblHistory[BBB],tblHistory[Date],_xlfn.MAXIFS(tblHistory[Date],tblHistory[Date],"<"&tblHistory[[#This Row],[Date]],tblHistory[BBB],"<>")))-Dashboard!$G$17)/(Dashboard!$H$17-Dashboard!$G$17))),MIN(1,MAX(0,(IF(ISNUMBER(tblHistory[[#This Row],[BBB]]),tblHistory[[#This Row],[BBB]],SUMIFS(tblHistory[BBB],tblHistory[Date],_xlfn.MAXIFS(tblHistory[Date],tblHistory[Date],"<"&tblHistory[[#This Row],[Date]],tblHistory[BBB],"<>")))-_xlfn.MINIFS(tblHistory[BBB],tblHistory[Date],"<="&tblHistory[[#This Row],[Date]],tblHistory[Date],">="&tblHistory[[#This Row],[Date]]-365)-Dashboard!$L$17)/(Dashboard!$M$17-Dashboard!$L$17))))) | P5: =IF(tblHistory[[#This Row],[Date]]-MIN(tblHistory[Date])<729,NA(),MAX(MIN(1,MAX(0,(IF(ISNUMBER(tblHistory[[#This Row],[CCC]]),tblHistory[[#This Row],[CCC]],SUMIFS(tblHistory[CCC],tblHistory[Date],_xlfn.MAXIFS(tblHistory[Date],tblHistory[Date],"<"&tblHistory[[#This Row],[Date]],tblHistory[CCC],"<>")))-Dashboard!$G$18)/(Dashboard!$H$18-Dashboard!$G$18))),MIN(1,MAX(0,(IF(ISNUMBER(tblHistory[[#This Row],[CCC]]),tblHistory[[#This Row],[CCC]],SUMIFS(tblHistory[CCC],tblHistory[Date],_xlfn.MAXIFS(tblHistory[Date],tblHistory[Date],"<"&tblHistory[[#This Row],[Date]],tblHistory[CCC],"<>")))-_xlfn.MINIFS(tblHistory[CCC],tblHistory[Date],"<="&tblHistory[[#This Row],[Date]],tblHistory[Date],">="&tblHistory[[#This Row],[Date]]-365)-Dashboard!$L$18)/(Dashboard!$M$18-Dashboard!$L$18))))) | Q5: =IF(tblHistory[[#This Row],[Date]]-MIN(tblHistory[Date])<729,NA(),IF(IF(ISNUMBER(tblHistory[[#This Row],[BIZD]]),tblHistory[[#This Row],[BIZD]],SUMIFS(tblHistory[BIZD],tblHistory[Date],_xlfn.MAXIFS(tblHistory[Date],tblHistory[Date],"<"&tblHistory[[#This Row],[Date]],tblHistory[BIZD],"<>")))=0,0,MIN(1,MAX(0,((IF(ISNUMBER(tblHistory[[#This Row],[BIZD]]),tblHistory[[#This Row],[BIZD]],SUMIFS(tblHistory[BIZD],tblHistory[Date],_xlfn.MAXIFS(tblHistory[Date],tblHistory[Date],"<"&tblHistory[[#This Row],[Date]],tblHistory[BIZD],"<>")))/_xlfn.MAXIFS(tblHistory[BIZD],tblHistory[Date],"<="&tblHistory[[#This Row],[Date]],tblHistory[Date],">="&tblHistory[[#This Row],[Date]]-730)-1)-Dashboard!$G$19)/(Dashboard!$H$19-Dashboard!$G$19))))) | R5: =IF(tblHistory[[#This Row],[Date]]-MIN(tblHistory[Date])<729,NA(),IF(IF(ISNUMBER(tblHistory[[#This Row],[BKLN]]),tblHistory[[#This Row],[BKLN]],SUMIFS(tblHistory[BKLN],tblHistory[Date],_xlfn.MAXIFS(tblHistory[Date],tblHistory[Date],"<"&tblHistory[[#This Row],[Date]],tblHistory[BKLN],"<>")))=0,0,MIN(1,MAX(0,((IF(ISNUMBER(tblHistory[[#This Row],[BKLN]]),tblHistory[[#This Row],[BKLN]],SUMIFS(tblHistory[BKLN],tblHistory[Date],_xlfn.MAXIFS(tblHistory[Date],tblHistory[Date],"<"&tblHistory[[#This Row],[Date]],tblHistory[BKLN],"<>")))/_xlfn.MAXIFS(tblHistory[BKLN],tblHistory[Date],"<="&tblHistory[[#This Row],[Date]],tblHistory[Date],">="&tblHistory[[#This Row],[Date]]-730)-1)-Dashboard!$G$20)/(Dashboard!$H$20-Dashboard!$G$20))))) | S5: =IF(tblHistory[[#This Row],[Date]]-MIN(tblHistory[Date])<729,NA(),MAX(MIN(1,MAX(0,(IF(ISNUMBER(tblHistory[[#This Row],[HY]]),tblHistory[[#This Row],[HY]],SUMIFS(tblHistory[HY],tblHistory[Date],_xlfn.MAXIFS(tblHistory[Date],tblHistory[Date],"<"&tblHistory[[#This Row],[Date]],tblHistory[HY],"<>")))-Dashboard!$G$21)/(Dashboard!$H$21-Dashboard!$G$21))),MIN(1,MAX(0,(IF(ISNUMBER(tblHistory[[#This Row],[HY]]),tblHistory[[#This Row],[HY]],SUMIFS(tblHistory[HY],tblHistory[Date],_xlfn.MAXIFS(tblHistory[Date],tblHistory[Date],"<"&tblHistory[[#This Row],[Date]],tblHistory[HY],"<>")))-_xlfn.MINIFS(tblHistory[HY],tblHistory[Date],"<="&tblHistory[[#This Row],[Date]],tblHistory[Date],">="&tblHistory[[#This Row],[Date]]-365)-Dashboard!$L$21)/(Dashboard!$M$21-Dashboard!$L$21))))) | T5: =(Dashboard!$C$13*tblHistory[[#This Row],[NDX S]]+Dashboard!$C$14*tblHistory[[#This Row],[SOX S]]+Dashboard!$C$15*tblHistory[[#This Row],[AIQ S]])/(Dashboard!$C$13+Dashboard!$C$14+Dashboard!$C$15)*100 | U5: =(Dashboard!$C$16*tblHistory[[#This Row],[DTCR S]]+Dashboard!$C$17*tblHistory[[#This Row],[BBB S]]+Dashboard!$C$18*tblHistory[[#This Row],[CCC S]])/(Dashboard!$C$16+Dashboard!$C$17+Dashboard!$C$18)*100 | V5: =(Dashboard!$C$19*tblHistory[[#This Row],[BIZD S]]+Dashboard!$C$20*tblHistory[[#This Row],[BKLN S]]+Dashboard!$C$21*tblHistory[[#This Row],[HY S]])/(Dashboard!$C$19+Dashboard!$C$20+Dashboard!$C$21)*100 | W5: =ROUND((Dashboard!$C$13*tblHistory[[#This Row],[NDX S]]+Dashboard!$C$14*tblHistory[[#This Row],[SOX S]]+Dashboard!$C$15*tblHistory[[#This Row],[AIQ S]]+Dashboard!$C$16*tblHistory[[#This Row],[DTCR S]]+Dashboard!$C$17*tblHistory[[#This Row],[BBB S]]+Dashboard!$C$18*tblHistory[[#This Row],[CCC S]]+Dashboard!$C$19*tblHistory[[#This Row],[BIZD S]]+Dashboard!$C$20*tblHistory[[#This Row],[BKLN S]]+Dashboard!$C$21*tblHistory[[#This Row],[HY S]])/(Dashboard!$C$13+Dashboard!$C$14+Dashboard!$C$15+Dashboard!$C$16+Dashboard!$C$17+Dashboard!$C$18+Dashboard!$C$19+Dashboard!$C$20+Dashboard!$C$21)*100,0) | X5: =IFERROR(--(tblHistory[[#This Row],[Score]]>=50),0) | Y5: =IFERROR(--AND(tblHistory[[#This Row],[Score]]>=60,OR(AND(tblHistory[[#This Row],[BIZD S]]>=0.8,tblHistory[[#This Row],[BKLN S]]>=0.5),tblHistory[[#This Row],[CCC S]]>=0.8)),0) | Z5: =IFERROR(--AND(tblHistory[[#This Row],[Score]]>=70,tblHistory[[#This Row],[SOX S]]>=0.83,tblHistory[[#This Row],[AIQ S]]>=0.8),0) | AA5: =IFERROR(--AND(tblHistory[[#This Row],[Score]]>=75,tblHistory[[#This Row],[NDX S]]=1,OR(IF(ISNUMBER(tblHistory[[#This Row],[HY]]),tblHistory[[#This Row],[HY]],SUMIFS(tblHistory[HY],tblHistory[Date],_xlfn.MAXIFS(tblHistory[Date],tblHistory[Date],"<"&tblHistory[[#This Row],[Date]],tblHistory[HY],"<>")))>=500,tblHistory[[#This Row],[BIZD S]]=1)),0) | AB5: =IFERROR(--(COUNTIFS(tblHistory[Date],">="&tblHistory[[#This Row],[Date]],tblHistory[Date],"<="&_xlfn.AGGREGATE(15,6,tblHistory[Date]/(tblHistory[Date]>=tblHistory[[#This Row],[Date]]),5),tblHistory[L1],1)=5),0) | AC5: =IFERROR(--(COUNTIFS(tblHistory[Date],">="&tblHistory[[#This Row],[Date]],tblHistory[Date],"<="&_xlfn.AGGREGATE(15,6,tblHistory[Date]/(tblHistory[Date]>=tblHistory[[#This Row],[Date]]),5),tblHistory[L2],1)=5),0) | AD5: =IFERROR(--(COUNTIFS(tblHistory[Date],">="&tblHistory[[#This Row],[Date]],tblHistory[Date],"<="&_xlfn.AGGREGATE(15,6,tblHistory[Date]/(tblHistory[Date]>=tblHistory[[#This Row],[Date]]),5),tblHistory[L3],1)=5),0) | AE5: =IFERROR(--(COUNTIFS(tblHistory[Date],">="&tblHistory[[#This Row],[Date]],tblHistory[Date],"<="&_xlfn.AGGREGATE(15,6,tblHistory[Date]/(tblHistory[Date]>=tblHistory[[#This Row],[Date]]),5),tblHistory[L4],1)=5),0)
A6: 46318 | B6: 28957.529 | C6: 10779.46 | D6: 62.29 | E6: 25.43 | F6: 113 | G6: 1356 | H6: 11.93 | I6: 20.26 | J6: 338 | K6: =IF(tblHistory[[#This Row],[Date]]-MIN(tblHistory[Date])<729,NA(),IF(IF(ISNUMBER(tblHistory[[#This Row],[NDX]]),tblHistory[[#This Row],[NDX]],SUMIFS(tblHistory[NDX],tblHistory[Date],_xlfn.MAXIFS(tblHistory[Date],tblHistory[Date],"<"&tblHistory[[#This Row],[Date]],tblHistory[NDX],"<>")))=0,0,MIN(1,MAX(0,((IF(ISNUMBER(tblHistory[[#This Row],[NDX]]),tblHistory[[#This Row],[NDX]],SUMIFS(tblHistory[NDX],tblHistory[Date],_xlfn.MAXIFS(tblHistory[Date],tblHistory[Date],"<"&tblHistory[[#This Row],[Date]],tblHistory[NDX],"<>")))/_xlfn.MAXIFS(tblHistory[NDX],tblHistory[Date],"<="&tblHistory[[#This Row],[Date]],tblHistory[Date],">="&tblHistory[[#This Row],[Date]]-730)-1)-Dashboard!$G$13)/(Dashboard!$H$13-Dashboard!$G$13))))) | L6: =IF(tblHistory[[#This Row],[Date]]-MIN(tblHistory[Date])<729,NA(),IF(IF(ISNUMBER(tblHistory[[#This Row],[SOX]]),tblHistory[[#This Row],[SOX]],SUMIFS(tblHistory[SOX],tblHistory[Date],_xlfn.MAXIFS(tblHistory[Date],tblHistory[Date],"<"&tblHistory[[#This Row],[Date]],tblHistory[SOX],"<>")))=0,0,MIN(1,MAX(0,((IF(ISNUMBER(tblHistory[[#This Row],[SOX]]),tblHistory[[#This Row],[SOX]],SUMIFS(tblHistory[SOX],tblHistory[Date],_xlfn.MAXIFS(tblHistory[Date],tblHistory[Date],"<"&tblHistory[[#This Row],[Date]],tblHistory[SOX],"<>")))/_xlfn.MAXIFS(tblHistory[SOX],tblHistory[Date],"<="&tblHistory[[#This Row],[Date]],tblHistory[Date],">="&tblHistory[[#This Row],[Date]]-730)-1)-Dashboard!$G$14)/(Dashboard!$H$14-Dashboard!$G$14))))) | M6: =IF(tblHistory[[#This Row],[Date]]-MIN(tblHistory[Date])<729,NA(),IF(IF(ISNUMBER(tblHistory[[#This Row],[AIQ]]),tblHistory[[#This Row],[AIQ]],SUMIFS(tblHistory[AIQ],tblHistory[Date],_xlfn.MAXIFS(tblHistory[Date],tblHistory[Date],"<"&tblHistory[[#This Row],[Date]],tblHistory[AIQ],"<>")))=0,0,MIN(1,MAX(0,((IF(ISNUMBER(tblHistory[[#This Row],[AIQ]]),tblHistory[[#This Row],[AIQ]],SUMIFS(tblHistory[AIQ],tblHistory[Date],_xlfn.MAXIFS(tblHistory[Date],tblHistory[Date],"<"&tblHistory[[#This Row],[Date]],tblHistory[AIQ],"<>")))/_xlfn.MAXIFS(tblHistory[AIQ],tblHistory[Date],"<="&tblHistory[[#This Row],[Date]],tblHistory[Date],">="&tblHistory[[#This Row],[Date]]-730)-1)-Dashboard!$G$15)/(Dashboard!$H$15-Dashboard!$G$15))))) | N6: =IF(tblHistory[[#This Row],[Date]]-MIN(tblHistory[Date])<729,NA(),IF(IF(ISNUMBER(tblHistory[[#This Row],[DTCR]]),tblHistory[[#This Row],[DTCR]],SUMIFS(tblHistory[DTCR],tblHistory[Date],_xlfn.MAXIFS(tblHistory[Date],tblHistory[Date],"<"&tblHistory[[#This Row],[Date]],tblHistory[DTCR],"<>")))=0,0,MIN(1,MAX(0,((IF(ISNUMBER(tblHistory[[#This Row],[DTCR]]),tblHistory[[#This Row],[DTCR]],SUMIFS(tblHistory[DTCR],tblHistory[Date],_xlfn.MAXIFS(tblHistory[Date],tblHistory[Date],"<"&tblHistory[[#This Row],[Date]],tblHistory[DTCR],"<>")))/_xlfn.MAXIFS(tblHistory[DTCR],tblHistory[Date],"<="&tblHistory[[#This Row],[Date]],tblHistory[Date],">="&tblHistory[[#This Row],[Date]]-730)-1)-Dashboard!$G$16)/(Dashboard!$H$16-Dashboard!$G$16))))) | O6: =IF(tblHistory[[#This Row],[Date]]-MIN(tblHistory[Date])<729,NA(),MAX(MIN(1,MAX(0,(IF(ISNUMBER(tblHistory[[#This Row],[BBB]]),tblHistory[[#This Row],[BBB]],SUMIFS(tblHistory[BBB],tblHistory[Date],_xlfn.MAXIFS(tblHistory[Date],tblHistory[Date],"<"&tblHistory[[#This Row],[Date]],tblHistory[BBB],"<>")))-Dashboard!$G$17)/(Dashboard!$H$17-Dashboard!$G$17))),MIN(1,MAX(0,(IF(ISNUMBER(tblHistory[[#This Row],[BBB]]),tblHistory[[#This Row],[BBB]],SUMIFS(tblHistory[BBB],tblHistory[Date],_xlfn.MAXIFS(tblHistory[Date],tblHistory[Date],"<"&tblHistory[[#This Row],[Date]],tblHistory[BBB],"<>")))-_xlfn.MINIFS(tblHistory[BBB],tblHistory[Date],"<="&tblHistory[[#This Row],[Date]],tblHistory[Date],">="&tblHistory[[#This Row],[Date]]-365)-Dashboard!$L$17)/(Dashboard!$M$17-Dashboard!$L$17))))) | P6: =IF(tblHistory[[#This Row],[Date]]-MIN(tblHistory[Date])<729,NA(),MAX(MIN(1,MAX(0,(IF(ISNUMBER(tblHistory[[#This Row],[CCC]]),tblHistory[[#This Row],[CCC]],SUMIFS(tblHistory[CCC],tblHistory[Date],_xlfn.MAXIFS(tblHistory[Date],tblHistory[Date],"<"&tblHistory[[#This Row],[Date]],tblHistory[CCC],"<>")))-Dashboard!$G$18)/(Dashboard!$H$18-Dashboard!$G$18))),MIN(1,MAX(0,(IF(ISNUMBER(tblHistory[[#This Row],[CCC]]),tblHistory[[#This Row],[CCC]],SUMIFS(tblHistory[CCC],tblHistory[Date],_xlfn.MAXIFS(tblHistory[Date],tblHistory[Date],"<"&tblHistory[[#This Row],[Date]],tblHistory[CCC],"<>")))-_xlfn.MINIFS(tblHistory[CCC],tblHistory[Date],"<="&tblHistory[[#This Row],[Date]],tblHistory[Date],">="&tblHistory[[#This Row],[Date]]-365)-Dashboard!$L$18)/(Dashboard!$M$18-Dashboard!$L$18))))) | Q6: =IF(tblHistory[[#This Row],[Date]]-MIN(tblHistory[Date])<729,NA(),IF(IF(ISNUMBER(tblHistory[[#This Row],[BIZD]]),tblHistory[[#This Row],[BIZD]],SUMIFS(tblHistory[BIZD],tblHistory[Date],_xlfn.MAXIFS(tblHistory[Date],tblHistory[Date],"<"&tblHistory[[#This Row],[Date]],tblHistory[BIZD],"<>")))=0,0,MIN(1,MAX(0,((IF(ISNUMBER(tblHistory[[#This Row],[BIZD]]),tblHistory[[#This Row],[BIZD]],SUMIFS(tblHistory[BIZD],tblHistory[Date],_xlfn.MAXIFS(tblHistory[Date],tblHistory[Date],"<"&tblHistory[[#This Row],[Date]],tblHistory[BIZD],"<>")))/_xlfn.MAXIFS(tblHistory[BIZD],tblHistory[Date],"<="&tblHistory[[#This Row],[Date]],tblHistory[Date],">="&tblHistory[[#This Row],[Date]]-730)-1)-Dashboard!$G$19)/(Dashboard!$H$19-Dashboard!$G$19))))) | R6: =IF(tblHistory[[#This Row],[Date]]-MIN(tblHistory[Date])<729,NA(),IF(IF(ISNUMBER(tblHistory[[#This Row],[BKLN]]),tblHistory[[#This Row],[BKLN]],SUMIFS(tblHistory[BKLN],tblHistory[Date],_xlfn.MAXIFS(tblHistory[Date],tblHistory[Date],"<"&tblHistory[[#This Row],[Date]],tblHistory[BKLN],"<>")))=0,0,MIN(1,MAX(0,((IF(ISNUMBER(tblHistory[[#This Row],[BKLN]]),tblHistory[[#This Row],[BKLN]],SUMIFS(tblHistory[BKLN],tblHistory[Date],_xlfn.MAXIFS(tblHistory[Date],tblHistory[Date],"<"&tblHistory[[#This Row],[Date]],tblHistory[BKLN],"<>")))/_xlfn.MAXIFS(tblHistory[BKLN],tblHistory[Date],"<="&tblHistory[[#This Row],[Date]],tblHistory[Date],">="&tblHistory[[#This Row],[Date]]-730)-1)-Dashboard!$G$20)/(Dashboard!$H$20-Dashboard!$G$20))))) | S6: =IF(tblHistory[[#This Row],[Date]]-MIN(tblHistory[Date])<729,NA(),MAX(MIN(1,MAX(0,(IF(ISNUMBER(tblHistory[[#This Row],[HY]]),tblHistory[[#This Row],[HY]],SUMIFS(tblHistory[HY],tblHistory[Date],_xlfn.MAXIFS(tblHistory[Date],tblHistory[Date],"<"&tblHistory[[#This Row],[Date]],tblHistory[HY],"<>")))-Dashboard!$G$21)/(Dashboard!$H$21-Dashboard!$G$21))),MIN(1,MAX(0,(IF(ISNUMBER(tblHistory[[#This Row],[HY]]),tblHistory[[#This Row],[HY]],SUMIFS(tblHistory[HY],tblHistory[Date],_xlfn.MAXIFS(tblHistory[Date],tblHistory[Date],"<"&tblHistory[[#This Row],[Date]],tblHistory[HY],"<>")))-_xlfn.MINIFS(tblHistory[HY],tblHistory[Date],"<="&tblHistory[[#This Row],[Date]],tblHistory[Date],">="&tblHistory[[#This Row],[Date]]-365)-Dashboard!$L$21)/(Dashboard!$M$21-Dashboard!$L$21))))) | T6: =(Dashboard!$C$13*tblHistory[[#This Row],[NDX S]]+Dashboard!$C$14*tblHistory[[#This Row],[SOX S]]+Dashboard!$C$15*tblHistory[[#This Row],[AIQ S]])/(Dashboard!$C$13+Dashboard!$C$14+Dashboard!$C$15)*100 | U6: =(Dashboard!$C$16*tblHistory[[#This Row],[DTCR S]]+Dashboard!$C$17*tblHistory[[#This Row],[BBB S]]+Dashboard!$C$18*tblHistory[[#This Row],[CCC S]])/(Dashboard!$C$16+Dashboard!$C$17+Dashboard!$C$18)*100 | V6: =(Dashboard!$C$19*tblHistory[[#This Row],[BIZD S]]+Dashboard!$C$20*tblHistory[[#This Row],[BKLN S]]+Dashboard!$C$21*tblHistory[[#This Row],[HY S]])/(Dashboard!$C$19+Dashboard!$C$20+Dashboard!$C$21)*100 | W6: =ROUND((Dashboard!$C$13*tblHistory[[#This Row],[NDX S]]+Dashboard!$C$14*tblHistory[[#This Row],[SOX S]]+Dashboard!$C$15*tblHistory[[#This Row],[AIQ S]]+Dashboard!$C$16*tblHistory[[#This Row],[DTCR S]]+Dashboard!$C$17*tblHistory[[#This Row],[BBB S]]+Dashboard!$C$18*tblHistory[[#This Row],[CCC S]]+Dashboard!$C$19*tblHistory[[#This Row],[BIZD S]]+Dashboard!$C$20*tblHistory[[#This Row],[BKLN S]]+Dashboard!$C$21*tblHistory[[#This Row],[HY S]])/(Dashboard!$C$13+Dashboard!$C$14+Dashboard!$C$15+Dashboard!$C$16+Dashboard!$C$17+Dashboard!$C$18+Dashboard!$C$19+Dashboard!$C$20+Dashboard!$C$21)*100,0) | X6: =IFERROR(--(tblHistory[[#This Row],[Score]]>=50),0) | Y6: =IFERROR(--AND(tblHistory[[#This Row],[Score]]>=60,OR(AND(tblHistory[[#This Row],[BIZD S]]>=0.8,tblHistory[[#This Row],[BKLN S]]>=0.5),tblHistory[[#This Row],[CCC S]]>=0.8)),0) | Z6: =IFERROR(--AND(tblHistory[[#This Row],[Score]]>=70,tblHistory[[#This Row],[SOX S]]>=0.83,tblHistory[[#This Row],[AIQ S]]>=0.8),0) | AA6: =IFERROR(--AND(tblHistory[[#This Row],[Score]]>=75,tblHistory[[#This Row],[NDX S]]=1,OR(IF(ISNUMBER(tblHistory[[#This Row],[HY]]),tblHistory[[#This Row],[HY]],SUMIFS(tblHistory[HY],tblHistory[Date],_xlfn.MAXIFS(tblHistory[Date],tblHistory[Date],"<"&tblHistory[[#This Row],[Date]],tblHistory[HY],"<>")))>=500,tblHistory[[#This Row],[BIZD S]]=1)),0) | AB6: =IFERROR(--(COUNTIFS(tblHistory[Date],">="&tblHistory[[#This Row],[Date]],tblHistory[Date],"<="&_xlfn.AGGREGATE(15,6,tblHistory[Date]/(tblHistory[Date]>=tblHistory[[#This Row],[Date]]),5),tblHistory[L1],1)=5),0) | AC6: =IFERROR(--(COUNTIFS(tblHistory[Date],">="&tblHistory[[#This Row],[Date]],tblHistory[Date],"<="&_xlfn.AGGREGATE(15,6,tblHistory[Date]/(tblHistory[Date]>=tblHistory[[#This Row],[Date]]),5),tblHistory[L2],1)=5),0) | AD6: =IFERROR(--(COUNTIFS(tblHistory[Date],">="&tblHistory[[#This Row],[Date]],tblHistory[Date],"<="&_xlfn.AGGREGATE(15,6,tblHistory[Date]/(tblHistory[Date]>=tblHistory[[#This Row],[Date]]),5),tblHistory[L3],1)=5),0) | AE6: =IFERROR(--(COUNTIFS(tblHistory[Date],">="&tblHistory[[#This Row],[Date]],tblHistory[Date],"<="&_xlfn.AGGREGATE(15,6,tblHistory[Date]/(tblHistory[Date]>=tblHistory[[#This Row],[Date]]),5),tblHistory[L4],1)=5),0)
A7: 46317 | B7: 28958.69 | C7: 10731.98 | D7: 62.07 | E7: 24.95 | F7: 111 | G7: 1340 | H7: 12.06 | I7: 20.29 | J7: 340 | K7: =IF(tblHistory[[#This Row],[Date]]-MIN(tblHistory[Date])<729,NA(),IF(IF(ISNUMBER(tblHistory[[#This Row],[NDX]]),tblHistory[[#This Row],[NDX]],SUMIFS(tblHistory[NDX],tblHistory[Date],_xlfn.MAXIFS(tblHistory[Date],tblHistory[Date],"<"&tblHistory[[#This Row],[Date]],tblHistory[NDX],"<>")))=0,0,MIN(1,MAX(0,((IF(ISNUMBER(tblHistory[[#This Row],[NDX]]),tblHistory[[#This Row],[NDX]],SUMIFS(tblHistory[NDX],tblHistory[Date],_xlfn.MAXIFS(tblHistory[Date],tblHistory[Date],"<"&tblHistory[[#This Row],[Date]],tblHistory[NDX],"<>")))/_xlfn.MAXIFS(tblHistory[NDX],tblHistory[Date],"<="&tblHistory[[#This Row],[Date]],tblHistory[Date],">="&tblHistory[[#This Row],[Date]]-730)-1)-Dashboard!$G$13)/(Dashboard!$H$13-Dashboard!$G$13))))) | L7: =IF(tblHistory[[#This Row],[Date]]-MIN(tblHistory[Date])<729,NA(),IF(IF(ISNUMBER(tblHistory[[#This Row],[SOX]]),tblHistory[[#This Row],[SOX]],SUMIFS(tblHistory[SOX],tblHistory[Date],_xlfn.MAXIFS(tblHistory[Date],tblHistory[Date],"<"&tblHistory[[#This Row],[Date]],tblHistory[SOX],"<>")))=0,0,MIN(1,MAX(0,((IF(ISNUMBER(tblHistory[[#This Row],[SOX]]),tblHistory[[#This Row],[SOX]],SUMIFS(tblHistory[SOX],tblHistory[Date],_xlfn.MAXIFS(tblHistory[Date],tblHistory[Date],"<"&tblHistory[[#This Row],[Date]],tblHistory[SOX],"<>")))/_xlfn.MAXIFS(tblHistory[SOX],tblHistory[Date],"<="&tblHistory[[#This Row],[Date]],tblHistory[Date],">="&tblHistory[[#This Row],[Date]]-730)-1)-Dashboard!$G$14)/(Dashboard!$H$14-Dashboard!$G$14))))) | M7: =IF(tblHistory[[#This Row],[Date]]-MIN(tblHistory[Date])<729,NA(),IF(IF(ISNUMBER(tblHistory[[#This Row],[AIQ]]),tblHistory[[#This Row],[AIQ]],SUMIFS(tblHistory[AIQ],tblHistory[Date],_xlfn.MAXIFS(tblHistory[Date],tblHistory[Date],"<"&tblHistory[[#This Row],[Date]],tblHistory[AIQ],"<>")))=0,0,MIN(1,MAX(0,((IF(ISNUMBER(tblHistory[[#This Row],[AIQ]]),tblHistory[[#This Row],[AIQ]],SUMIFS(tblHistory[AIQ],tblHistory[Date],_xlfn.MAXIFS(tblHistory[Date],tblHistory[Date],"<"&tblHistory[[#This Row],[Date]],tblHistory[AIQ],"<>")))/_xlfn.MAXIFS(tblHistory[AIQ],tblHistory[Date],"<="&tblHistory[[#This Row],[Date]],tblHistory[Date],">="&tblHistory[[#This Row],[Date]]-730)-1)-Dashboard!$G$15)/(Dashboard!$H$15-Dashboard!$G$15))))) | N7: =IF(tblHistory[[#This Row],[Date]]-MIN(tblHistory[Date])<729,NA(),IF(IF(ISNUMBER(tblHistory[[#This Row],[DTCR]]),tblHistory[[#This Row],[DTCR]],SUMIFS(tblHistory[DTCR],tblHistory[Date],_xlfn.MAXIFS(tblHistory[Date],tblHistory[Date],"<"&tblHistory[[#This Row],[Date]],tblHistory[DTCR],"<>")))=0,0,MIN(1,MAX(0,((IF(ISNUMBER(tblHistory[[#This Row],[DTCR]]),tblHistory[[#This Row],[DTCR]],SUMIFS(tblHistory[DTCR],tblHistory[Date],_xlfn.MAXIFS(tblHistory[Date],tblHistory[Date],"<"&tblHistory[[#This Row],[Date]],tblHistory[DTCR],"<>")))/_xlfn.MAXIFS(tblHistory[DTCR],tblHistory[Date],"<="&tblHistory[[#This Row],[Date]],tblHistory[Date],">="&tblHistory[[#This Row],[Date]]-730)-1)-Dashboard!$G$16)/(Dashboard!$H$16-Dashboard!$G$16))))) | O7: =IF(tblHistory[[#This Row],[Date]]-MIN(tblHistory[Date])<729,NA(),MAX(MIN(1,MAX(0,(IF(ISNUMBER(tblHistory[[#This Row],[BBB]]),tblHistory[[#This Row],[BBB]],SUMIFS(tblHistory[BBB],tblHistory[Date],_xlfn.MAXIFS(tblHistory[Date],tblHistory[Date],"<"&tblHistory[[#This Row],[Date]],tblHistory[BBB],"<>")))-Dashboard!$G$17)/(Dashboard!$H$17-Dashboard!$G$17))),MIN(1,MAX(0,(IF(ISNUMBER(tblHistory[[#This Row],[BBB]]),tblHistory[[#This Row],[BBB]],SUMIFS(tblHistory[BBB],tblHistory[Date],_xlfn.MAXIFS(tblHistory[Date],tblHistory[Date],"<"&tblHistory[[#This Row],[Date]],tblHistory[BBB],"<>")))-_xlfn.MINIFS(tblHistory[BBB],tblHistory[Date],"<="&tblHistory[[#This Row],[Date]],tblHistory[Date],">="&tblHistory[[#This Row],[Date]]-365)-Dashboard!$L$17)/(Dashboard!$M$17-Dashboard!$L$17))))) | P7: =IF(tblHistory[[#This Row],[Date]]-MIN(tblHistory[Date])<729,NA(),MAX(MIN(1,MAX(0,(IF(ISNUMBER(tblHistory[[#This Row],[CCC]]),tblHistory[[#This Row],[CCC]],SUMIFS(tblHistory[CCC],tblHistory[Date],_xlfn.MAXIFS(tblHistory[Date],tblHistory[Date],"<"&tblHistory[[#This Row],[Date]],tblHistory[CCC],"<>")))-Dashboard!$G$18)/(Dashboard!$H$18-Dashboard!$G$18))),MIN(1,MAX(0,(IF(ISNUMBER(tblHistory[[#This Row],[CCC]]),tblHistory[[#This Row],[CCC]],SUMIFS(tblHistory[CCC],tblHistory[Date],_xlfn.MAXIFS(tblHistory[Date],tblHistory[Date],"<"&tblHistory[[#This Row],[Date]],tblHistory[CCC],"<>")))-_xlfn.MINIFS(tblHistory[CCC],tblHistory[Date],"<="&tblHistory[[#This Row],[Date]],tblHistory[Date],">="&tblHistory[[#This Row],[Date]]-365)-Dashboard!$L$18)/(Dashboard!$M$18-Dashboard!$L$18))))) | Q7: =IF(tblHistory[[#This Row],[Date]]-MIN(tblHistory[Date])<729,NA(),IF(IF(ISNUMBER(tblHistory[[#This Row],[BIZD]]),tblHistory[[#This Row],[BIZD]],SUMIFS(tblHistory[BIZD],tblHistory[Date],_xlfn.MAXIFS(tblHistory[Date],tblHistory[Date],"<"&tblHistory[[#This Row],[Date]],tblHistory[BIZD],"<>")))=0,0,MIN(1,MAX(0,((IF(ISNUMBER(tblHistory[[#This Row],[BIZD]]),tblHistory[[#This Row],[BIZD]],SUMIFS(tblHistory[BIZD],tblHistory[Date],_xlfn.MAXIFS(tblHistory[Date],tblHistory[Date],"<"&tblHistory[[#This Row],[Date]],tblHistory[BIZD],"<>")))/_xlfn.MAXIFS(tblHistory[BIZD],tblHistory[Date],"<="&tblHistory[[#This Row],[Date]],tblHistory[Date],">="&tblHistory[[#This Row],[Date]]-730)-1)-Dashboard!$G$19)/(Dashboard!$H$19-Dashboard!$G$19))))) | R7: =IF(tblHistory[[#This Row],[Date]]-MIN(tblHistory[Date])<729,NA(),IF(IF(ISNUMBER(tblHistory[[#This Row],[BKLN]]),tblHistory[[#This Row],[BKLN]],SUMIFS(tblHistory[BKLN],tblHistory[Date],_xlfn.MAXIFS(tblHistory[Date],tblHistory[Date],"<"&tblHistory[[#This Row],[Date]],tblHistory[BKLN],"<>")))=0,0,MIN(1,MAX(0,((IF(ISNUMBER(tblHistory[[#This Row],[BKLN]]),tblHistory[[#This Row],[BKLN]],SUMIFS(tblHistory[BKLN],tblHistory[Date],_xlfn.MAXIFS(tblHistory[Date],tblHistory[Date],"<"&tblHistory[[#This Row],[Date]],tblHistory[BKLN],"<>")))/_xlfn.MAXIFS(tblHistory[BKLN],tblHistory[Date],"<="&tblHistory[[#This Row],[Date]],tblHistory[Date],">="&tblHistory[[#This Row],[Date]]-730)-1)-Dashboard!$G$20)/(Dashboard!$H$20-Dashboard!$G$20))))) | S7: =IF(tblHistory[[#This Row],[Date]]-MIN(tblHistory[Date])<729,NA(),MAX(MIN(1,MAX(0,(IF(ISNUMBER(tblHistory[[#This Row],[HY]]),tblHistory[[#This Row],[HY]],SUMIFS(tblHistory[HY],tblHistory[Date],_xlfn.MAXIFS(tblHistory[Date],tblHistory[Date],"<"&tblHistory[[#This Row],[Date]],tblHistory[HY],"<>")))-Dashboard!$G$21)/(Dashboard!$H$21-Dashboard!$G$21))),MIN(1,MAX(0,(IF(ISNUMBER(tblHistory[[#This Row],[HY]]),tblHistory[[#This Row],[HY]],SUMIFS(tblHistory[HY],tblHistory[Date],_xlfn.MAXIFS(tblHistory[Date],tblHistory[Date],"<"&tblHistory[[#This Row],[Date]],tblHistory[HY],"<>")))-_xlfn.MINIFS(tblHistory[HY],tblHistory[Date],"<="&tblHistory[[#This Row],[Date]],tblHistory[Date],">="&tblHistory[[#This Row],[Date]]-365)-Dashboard!$L$21)/(Dashboard!$M$21-Dashboard!$L$21))))) | T7: =(Dashboard!$C$13*tblHistory[[#This Row],[NDX S]]+Dashboard!$C$14*tblHistory[[#This Row],[SOX S]]+Dashboard!$C$15*tblHistory[[#This Row],[AIQ S]])/(Dashboard!$C$13+Dashboard!$C$14+Dashboard!$C$15)*100 | U7: =(Dashboard!$C$16*tblHistory[[#This Row],[DTCR S]]+Dashboard!$C$17*tblHistory[[#This Row],[BBB S]]+Dashboard!$C$18*tblHistory[[#This Row],[CCC S]])/(Dashboard!$C$16+Dashboard!$C$17+Dashboard!$C$18)*100 | V7: =(Dashboard!$C$19*tblHistory[[#This Row],[BIZD S]]+Dashboard!$C$20*tblHistory[[#This Row],[BKLN S]]+Dashboard!$C$21*tblHistory[[#This Row],[HY S]])/(Dashboard!$C$19+Dashboard!$C$20+Dashboard!$C$21)*100 | W7: =ROUND((Dashboard!$C$13*tblHistory[[#This Row],[NDX S]]+Dashboard!$C$14*tblHistory[[#This Row],[SOX S]]+Dashboard!$C$15*tblHistory[[#This Row],[AIQ S]]+Dashboard!$C$16*tblHistory[[#This Row],[DTCR S]]+Dashboard!$C$17*tblHistory[[#This Row],[BBB S]]+Dashboard!$C$18*tblHistory[[#This Row],[CCC S]]+Dashboard!$C$19*tblHistory[[#This Row],[BIZD S]]+Dashboard!$C$20*tblHistory[[#This Row],[BKLN S]]+Dashboard!$C$21*tblHistory[[#This Row],[HY S]])/(Dashboard!$C$13+Dashboard!$C$14+Dashboard!$C$15+Dashboard!$C$16+Dashboard!$C$17+Dashboard!$C$18+Dashboard!$C$19+Dashboard!$C$20+Dashboard!$C$21)*100,0) | X7: =IFERROR(--(tblHistory[[#This Row],[Score]]>=50),0) | Y7: =IFERROR(--AND(tblHistory[[#This Row],[Score]]>=60,OR(AND(tblHistory[[#This Row],[BIZD S]]>=0.8,tblHistory[[#This Row],[BKLN S]]>=0.5),tblHistory[[#This Row],[CCC S]]>=0.8)),0) | Z7: =IFERROR(--AND(tblHistory[[#This Row],[Score]]>=70,tblHistory[[#This Row],[SOX S]]>=0.83,tblHistory[[#This Row],[AIQ S]]>=0.8),0) | AA7: =IFERROR(--AND(tblHistory[[#This Row],[Score]]>=75,tblHistory[[#This Row],[NDX S]]=1,OR(IF(ISNUMBER(tblHistory[[#This Row],[HY]]),tblHistory[[#This Row],[HY]],SUMIFS(tblHistory[HY],tblHistory[Date],_xlfn.MAXIFS(tblHistory[Date],tblHistory[Date],"<"&tblHistory[[#This Row],[Date]],tblHistory[HY],"<>")))>=500,tblHistory[[#This Row],[BIZD S]]=1)),0) | AB7: =IFERROR(--(COUNTIFS(tblHistory[Date],">="&tblHistory[[#This Row],[Date]],tblHistory[Date],"<="&_xlfn.AGGREGATE(15,6,tblHistory[Date]/(tblHistory[Date]>=tblHistory[[#This Row],[Date]]),5),tblHistory[L1],1)=5),0) | AC7: =IFERROR(--(COUNTIFS(tblHistory[Date],">="&tblHistory[[#This Row],[Date]],tblHistory[Date],"<="&_xlfn.AGGREGATE(15,6,tblHistory[Date]/(tblHistory[Date]>=tblHistory[[#This Row],[Date]]),5),tblHistory[L2],1)=5),0) | AD7: =IFERROR(--(COUNTIFS(tblHistory[Date],">="&tblHistory[[#This Row],[Date]],tblHistory[Date],"<="&_xlfn.AGGREGATE(15,6,tblHistory[Date]/(tblHistory[Date]>=tblHistory[[#This Row],[Date]]),5),tblHistory[L3],1)=5),0) | AE7: =IFERROR(--(COUNTIFS(tblHistory[Date],">="&tblHistory[[#This Row],[Date]],tblHistory[Date],"<="&_xlfn.AGGREGATE(15,6,tblHistory[Date]/(tblHistory[Date]>=tblHistory[[#This Row],[Date]]),5),tblHistory[L4],1)=5),0)
A8: 46316 | B8: 29822.519 | C8: 11505.56 | D8: 64 | E8: 25.61 | F8: 109 | G8: 1307 | H8: 11.79 | I8: 20.32 | J8: 327 | K8: =IF(tblHistory[[#This Row],[Date]]-MIN(tblHistory[Date])<729,NA(),IF(IF(ISNUMBER(tblHistory[[#This Row],[NDX]]),tblHistory[[#This Row],[NDX]],SUMIFS(tblHistory[NDX],tblHistory[Date],_xlfn.MAXIFS(tblHistory[Date],tblHistory[Date],"<"&tblHistory[[#This Row],[Date]],tblHistory[NDX],"<>")))=0,0,MIN(1,MAX(0,((IF(ISNUMBER(tblHistory[[#This Row],[NDX]]),tblHistory[[#This Row],[NDX]],SUMIFS(tblHistory[NDX],tblHistory[Date],_xlfn.MAXIFS(tblHistory[Date],tblHistory[Date],"<"&tblHistory[[#This Row],[Date]],tblHistory[NDX],"<>")))/_xlfn.MAXIFS(tblHistory[NDX],tblHistory[Date],"<="&tblHistory[[#This Row],[Date]],tblHistory[Date],">="&tblHistory[[#This Row],[Date]]-730)-1)-Dashboard!$G$13)/(Dashboard!$H$13-Dashboard!$G$13))))) | L8: =IF(tblHistory[[#This Row],[Date]]-MIN(tblHistory[Date])<729,NA(),IF(IF(ISNUMBER(tblHistory[[#This Row],[SOX]]),tblHistory[[#This Row],[SOX]],SUMIFS(tblHistory[SOX],tblHistory[Date],_xlfn.MAXIFS(tblHistory[Date],tblHistory[Date],"<"&tblHistory[[#This Row],[Date]],tblHistory[SOX],"<>")))=0,0,MIN(1,MAX(0,((IF(ISNUMBER(tblHistory[[#This Row],[SOX]]),tblHistory[[#This Row],[SOX]],SUMIFS(tblHistory[SOX],tblHistory[Date],_xlfn.MAXIFS(tblHistory[Date],tblHistory[Date],"<"&tblHistory[[#This Row],[Date]],tblHistory[SOX],"<>")))/_xlfn.MAXIFS(tblHistory[SOX],tblHistory[Date],"<="&tblHistory[[#This Row],[Date]],tblHistory[Date],">="&tblHistory[[#This Row],[Date]]-730)-1)-Dashboard!$G$14)/(Dashboard!$H$14-Dashboard!$G$14))))) | M8: =IF(tblHistory[[#This Row],[Date]]-MIN(tblHistory[Date])<729,NA(),IF(IF(ISNUMBER(tblHistory[[#This Row],[AIQ]]),tblHistory[[#This Row],[AIQ]],SUMIFS(tblHistory[AIQ],tblHistory[Date],_xlfn.MAXIFS(tblHistory[Date],tblHistory[Date],"<"&tblHistory[[#This Row],[Date]],tblHistory[AIQ],"<>")))=0,0,MIN(1,MAX(0,((IF(ISNUMBER(tblHistory[[#This Row],[AIQ]]),tblHistory[[#This Row],[AIQ]],SUMIFS(tblHistory[AIQ],tblHistory[Date],_xlfn.MAXIFS(tblHistory[Date],tblHistory[Date],"<"&tblHistory[[#This Row],[Date]],tblHistory[AIQ],"<>")))/_xlfn.MAXIFS(tblHistory[AIQ],tblHistory[Date],"<="&tblHistory[[#This Row],[Date]],tblHistory[Date],">="&tblHistory[[#This Row],[Date]]-730)-1)-Dashboard!$G$15)/(Dashboard!$H$15-Dashboard!$G$15))))) | N8: =IF(tblHistory[[#This Row],[Date]]-MIN(tblHistory[Date])<729,NA(),IF(IF(ISNUMBER(tblHistory[[#This Row],[DTCR]]),tblHistory[[#This Row],[DTCR]],SUMIFS(tblHistory[DTCR],tblHistory[Date],_xlfn.MAXIFS(tblHistory[Date],tblHistory[Date],"<"&tblHistory[[#This Row],[Date]],tblHistory[DTCR],"<>")))=0,0,MIN(1,MAX(0,((IF(ISNUMBER(tblHistory[[#This Row],[DTCR]]),tblHistory[[#This Row],[DTCR]],SUMIFS(tblHistory[DTCR],tblHistory[Date],_xlfn.MAXIFS(tblHistory[Date],tblHistory[Date],"<"&tblHistory[[#This Row],[Date]],tblHistory[DTCR],"<>")))/_xlfn.MAXIFS(tblHistory[DTCR],tblHistory[Date],"<="&tblHistory[[#This Row],[Date]],tblHistory[Date],">="&tblHistory[[#This Row],[Date]]-730)-1)-Dashboard!$G$16)/(Dashboard!$H$16-Dashboard!$G$16))))) | O8: =IF(tblHistory[[#This Row],[Date]]-MIN(tblHistory[Date])<729,NA(),MAX(MIN(1,MAX(0,(IF(ISNUMBER(tblHistory[[#This Row],[BBB]]),tblHistory[[#This Row],[BBB]],SUMIFS(tblHistory[BBB],tblHistory[Date],_xlfn.MAXIFS(tblHistory[Date],tblHistory[Date],"<"&tblHistory[[#This Row],[Date]],tblHistory[BBB],"<>")))-Dashboard!$G$17)/(Dashboard!$H$17-Dashboard!$G$17))),MIN(1,MAX(0,(IF(ISNUMBER(tblHistory[[#This Row],[BBB]]),tblHistory[[#This Row],[BBB]],SUMIFS(tblHistory[BBB],tblHistory[Date],_xlfn.MAXIFS(tblHistory[Date],tblHistory[Date],"<"&tblHistory[[#This Row],[Date]],tblHistory[BBB],"<>")))-_xlfn.MINIFS(tblHistory[BBB],tblHistory[Date],"<="&tblHistory[[#This Row],[Date]],tblHistory[Date],">="&tblHistory[[#This Row],[Date]]-365)-Dashboard!$L$17)/(Dashboard!$M$17-Dashboard!$L$17))))) | P8: =IF(tblHistory[[#This Row],[Date]]-MIN(tblHistory[Date])<729,NA(),MAX(MIN(1,MAX(0,(IF(ISNUMBER(tblHistory[[#This Row],[CCC]]),tblHistory[[#This Row],[CCC]],SUMIFS(tblHistory[CCC],tblHistory[Date],_xlfn.MAXIFS(tblHistory[Date],tblHistory[Date],"<"&tblHistory[[#This Row],[Date]],tblHistory[CCC],"<>")))-Dashboard!$G$18)/(Dashboard!$H$18-Dashboard!$G$18))),MIN(1,MAX(0,(IF(ISNUMBER(tblHistory[[#This Row],[CCC]]),tblHistory[[#This Row],[CCC]],SUMIFS(tblHistory[CCC],tblHistory[Date],_xlfn.MAXIFS(tblHistory[Date],tblHistory[Date],"<"&tblHistory[[#This Row],[Date]],tblHistory[CCC],"<>")))-_xlfn.MINIFS(tblHistory[CCC],tblHistory[Date],"<="&tblHistory[[#This Row],[Date]],tblHistory[Date],">="&tblHistory[[#This Row],[Date]]-365)-Dashboard!$L$18)/(Dashboard!$M$18-Dashboard!$L$18))))) | Q8: =IF(tblHistory[[#This Row],[Date]]-MIN(tblHistory[Date])<729,NA(),IF(IF(ISNUMBER(tblHistory[[#This Row],[BIZD]]),tblHistory[[#This Row],[BIZD]],SUMIFS(tblHistory[BIZD],tblHistory[Date],_xlfn.MAXIFS(tblHistory[Date],tblHistory[Date],"<"&tblHistory[[#This Row],[Date]],tblHistory[BIZD],"<>")))=0,0,MIN(1,MAX(0,((IF(ISNUMBER(tblHistory[[#This Row],[BIZD]]),tblHistory[[#This Row],[BIZD]],SUMIFS(tblHistory[BIZD],tblHistory[Date],_xlfn.MAXIFS(tblHistory[Date],tblHistory[Date],"<"&tblHistory[[#This Row],[Date]],tblHistory[BIZD],"<>")))/_xlfn.MAXIFS(tblHistory[BIZD],tblHistory[Date],"<="&tblHistory[[#This Row],[Date]],tblHistory[Date],">="&tblHistory[[#This Row],[Date]]-730)-1)-Dashboard!$G$19)/(Dashboard!$H$19-Dashboard!$G$19))))) | R8: =IF(tblHistory[[#This Row],[Date]]-MIN(tblHistory[Date])<729,NA(),IF(IF(ISNUMBER(tblHistory[[#This Row],[BKLN]]),tblHistory[[#This Row],[BKLN]],SUMIFS(tblHistory[BKLN],tblHistory[Date],_xlfn.MAXIFS(tblHistory[Date],tblHistory[Date],"<"&tblHistory[[#This Row],[Date]],tblHistory[BKLN],"<>")))=0,0,MIN(1,MAX(0,((IF(ISNUMBER(tblHistory[[#This Row],[BKLN]]),tblHistory[[#This Row],[BKLN]],SUMIFS(tblHistory[BKLN],tblHistory[Date],_xlfn.MAXIFS(tblHistory[Date],tblHistory[Date],"<"&tblHistory[[#This Row],[Date]],tblHistory[BKLN],"<>")))/_xlfn.MAXIFS(tblHistory[BKLN],tblHistory[Date],"<="&tblHistory[[#This Row],[Date]],tblHistory[Date],">="&tblHistory[[#This Row],[Date]]-730)-1)-Dashboard!$G$20)/(Dashboard!$H$20-Dashboard!$G$20))))) | S8: =IF(tblHistory[[#This Row],[Date]]-MIN(tblHistory[Date])<729,NA(),MAX(MIN(1,MAX(0,(IF(ISNUMBER(tblHistory[[#This Row],[HY]]),tblHistory[[#This Row],[HY]],SUMIFS(tblHistory[HY],tblHistory[Date],_xlfn.MAXIFS(tblHistory[Date],tblHistory[Date],"<"&tblHistory[[#This Row],[Date]],tblHistory[HY],"<>")))-Dashboard!$G$21)/(Dashboard!$H$21-Dashboard!$G$21))),MIN(1,MAX(0,(IF(ISNUMBER(tblHistory[[#This Row],[HY]]),tblHistory[[#This Row],[HY]],SUMIFS(tblHistory[HY],tblHistory[Date],_xlfn.MAXIFS(tblHistory[Date],tblHistory[Date],"<"&tblHistory[[#This Row],[Date]],tblHistory[HY],"<>")))-_xlfn.MINIFS(tblHistory[HY],tblHistory[Date],"<="&tblHistory[[#This Row],[Date]],tblHistory[Date],">="&tblHistory[[#This Row],[Date]]-365)-Dashboard!$L$21)/(Dashboard!$M$21-Dashboard!$L$21))))) | T8: =(Dashboard!$C$13*tblHistory[[#This Row],[NDX S]]+Dashboard!$C$14*tblHistory[[#This Row],[SOX S]]+Dashboard!$C$15*tblHistory[[#This Row],[AIQ S]])/(Dashboard!$C$13+Dashboard!$C$14+Dashboard!$C$15)*100 | U8: =(Dashboard!$C$16*tblHistory[[#This Row],[DTCR S]]+Dashboard!$C$17*tblHistory[[#This Row],[BBB S]]+Dashboard!$C$18*tblHistory[[#This Row],[CCC S]])/(Dashboard!$C$16+Dashboard!$C$17+Dashboard!$C$18)*100 | V8: =(Dashboard!$C$19*tblHistory[[#This Row],[BIZD S]]+Dashboard!$C$20*tblHistory[[#This Row],[BKLN S]]+Dashboard!$C$21*tblHistory[[#This Row],[HY S]])/(Dashboard!$C$19+Dashboard!$C$20+Dashboard!$C$21)*100 | W8: =ROUND((Dashboard!$C$13*tblHistory[[#This Row],[NDX S]]+Dashboard!$C$14*tblHistory[[#This Row],[SOX S]]+Dashboard!$C$15*tblHistory[[#This Row],[AIQ S]]+Dashboard!$C$16*tblHistory[[#This Row],[DTCR S]]+Dashboard!$C$17*tblHistory[[#This Row],[BBB S]]+Dashboard!$C$18*tblHistory[[#This Row],[CCC S]]+Dashboard!$C$19*tblHistory[[#This Row],[BIZD S]]+Dashboard!$C$20*tblHistory[[#This Row],[BKLN S]]+Dashboard!$C$21*tblHistory[[#This Row],[HY S]])/(Dashboard!$C$13+Dashboard!$C$14+Dashboard!$C$15+Dashboard!$C$16+Dashboard!$C$17+Dashboard!$C$18+Dashboard!$C$19+Dashboard!$C$20+Dashboard!$C$21)*100,0) | X8: =IFERROR(--(tblHistory[[#This Row],[Score]]>=50),0) | Y8: =IFERROR(--AND(tblHistory[[#This Row],[Score]]>=60,OR(AND(tblHistory[[#This Row],[BIZD S]]>=0.8,tblHistory[[#This Row],[BKLN S]]>=0.5),tblHistory[[#This Row],[CCC S]]>=0.8)),0) | Z8: =IFERROR(--AND(tblHistory[[#This Row],[Score]]>=70,tblHistory[[#This Row],[SOX S]]>=0.83,tblHistory[[#This Row],[AIQ S]]>=0.8),0) | AA8: =IFERROR(--AND(tblHistory[[#This Row],[Score]]>=75,tblHistory[[#This Row],[NDX S]]=1,OR(IF(ISNUMBER(tblHistory[[#This Row],[HY]]),tblHistory[[#This Row],[HY]],SUMIFS(tblHistory[HY],tblHistory[Date],_xlfn.MAXIFS(tblHistory[Date],tblHistory[Date],"<"&tblHistory[[#This Row],[Date]],tblHistory[HY],"<>")))>=500,tblHistory[[#This Row],[BIZD S]]=1)),0) | AB8: =IFERROR(--(COUNTIFS(tblHistory[Date],">="&tblHistory[[#This Row],[Date]],tblHistory[Date],"<="&_xlfn.AGGREGATE(15,6,tblHistory[Date]/(tblHistory[Date]>=tblHistory[[#This Row],[Date]]),5),tblHistory[L1],1)=5),0) | AC8: =IFERROR(--(COUNTIFS(tblHistory[Date],">="&tblHistory[[#This Row],[Date]],tblHistory[Date],"<="&_xlfn.AGGREGATE(15,6,tblHistory[Date]/(tblHistory[Date]>=tblHistory[[#This Row],[Date]]),5),tblHistory[L2],1)=5),0) | AD8: =IFERROR(--(COUNTIFS(tblHistory[Date],">="&tblHistory[[#This Row],[Date]],tblHistory[Date],"<="&_xlfn.AGGREGATE(15,6,tblHistory[Date]/(tblHistory[Date]>=tblHistory[[#This Row],[Date]]),5),tblHistory[L3],1)=5),0) | AE8: =IFERROR(--(COUNTIFS(tblHistory[Date],">="&tblHistory[[#This Row],[Date]],tblHistory[Date],"<="&_xlfn.AGGREGATE(15,6,tblHistory[Date]/(tblHistory[Date]>=tblHistory[[#This Row],[Date]]),5),tblHistory[L4],1)=5),0)
A9: 46315 | B9: 29490.279 | C9: 11283.81 | D9: 63.18 | E9: 25.9 | F9: 108 | G9: 1327 | H9: 11.82 | I9: 20.3 | J9: 333 | K9: =IF(tblHistory[[#This Row],[Date]]-MIN(tblHistory[Date])<729,NA(),IF(IF(ISNUMBER(tblHistory[[#This Row],[NDX]]),tblHistory[[#This Row],[NDX]],SUMIFS(tblHistory[NDX],tblHistory[Date],_xlfn.MAXIFS(tblHistory[Date],tblHistory[Date],"<"&tblHistory[[#This Row],[Date]],tblHistory[NDX],"<>")))=0,0,MIN(1,MAX(0,((IF(ISNUMBER(tblHistory[[#This Row],[NDX]]),tblHistory[[#This Row],[NDX]],SUMIFS(tblHistory[NDX],tblHistory[Date],_xlfn.MAXIFS(tblHistory[Date],tblHistory[Date],"<"&tblHistory[[#This Row],[Date]],tblHistory[NDX],"<>")))/_xlfn.MAXIFS(tblHistory[NDX],tblHistory[Date],"<="&tblHistory[[#This Row],[Date]],tblHistory[Date],">="&tblHistory[[#This Row],[Date]]-730)-1)-Dashboard!$G$13)/(Dashboard!$H$13-Dashboard!$G$13))))) | L9: =IF(tblHistory[[#This Row],[Date]]-MIN(tblHistory[Date])<729,NA(),IF(IF(ISNUMBER(tblHistory[[#This Row],[SOX]]),tblHistory[[#This Row],[SOX]],SUMIFS(tblHistory[SOX],tblHistory[Date],_xlfn.MAXIFS(tblHistory[Date],tblHistory[Date],"<"&tblHistory[[#This Row],[Date]],tblHistory[SOX],"<>")))=0,0,MIN(1,MAX(0,((IF(ISNUMBER(tblHistory[[#This Row],[SOX]]),tblHistory[[#This Row],[SOX]],SUMIFS(tblHistory[SOX],tblHistory[Date],_xlfn.MAXIFS(tblHistory[Date],tblHistory[Date],"<"&tblHistory[[#This Row],[Date]],tblHistory[SOX],"<>")))/_xlfn.MAXIFS(tblHistory[SOX],tblHistory[Date],"<="&tblHistory[[#This Row],[Date]],tblHistory[Date],">="&tblHistory[[#This Row],[Date]]-730)-1)-Dashboard!$G$14)/(Dashboard!$H$14-Dashboard!$G$14))))) | M9: =IF(tblHistory[[#This Row],[Date]]-MIN(tblHistory[Date])<729,NA(),IF(IF(ISNUMBER(tblHistory[[#This Row],[AIQ]]),tblHistory[[#This Row],[AIQ]],SUMIFS(tblHistory[AIQ],tblHistory[Date],_xlfn.MAXIFS(tblHistory[Date],tblHistory[Date],"<"&tblHistory[[#This Row],[Date]],tblHistory[AIQ],"<>")))=0,0,MIN(1,MAX(0,((IF(ISNUMBER(tblHistory[[#This Row],[AIQ]]),tblHistory[[#This Row],[AIQ]],SUMIFS(tblHistory[AIQ],tblHistory[Date],_xlfn.MAXIFS(tblHistory[Date],tblHistory[Date],"<"&tblHistory[[#This Row],[Date]],tblHistory[AIQ],"<>")))/_xlfn.MAXIFS(tblHistory[AIQ],tblHistory[Date],"<="&tblHistory[[#This Row],[Date]],tblHistory[Date],">="&tblHistory[[#This Row],[Date]]-730)-1)-Dashboard!$G$15)/(Dashboard!$H$15-Dashboard!$G$15))))) | N9: =IF(tblHistory[[#This Row],[Date]]-MIN(tblHistory[Date])<729,NA(),IF(IF(ISNUMBER(tblHistory[[#This Row],[DTCR]]),tblHistory[[#This Row],[DTCR]],SUMIFS(tblHistory[DTCR],tblHistory[Date],_xlfn.MAXIFS(tblHistory[Date],tblHistory[Date],"<"&tblHistory[[#This Row],[Date]],tblHistory[DTCR],"<>")))=0,0,MIN(1,MAX(0,((IF(ISNUMBER(tblHistory[[#This Row],[DTCR]]),tblHistory[[#This Row],[DTCR]],SUMIFS(tblHistory[DTCR],tblHistory[Date],_xlfn.MAXIFS(tblHistory[Date],tblHistory[Date],"<"&tblHistory[[#This Row],[Date]],tblHistory[DTCR],"<>")))/_xlfn.MAXIFS(tblHistory[DTCR],tblHistory[Date],"<="&tblHistory[[#This Row],[Date]],tblHistory[Date],">="&tblHistory[[#This Row],[Date]]-730)-1)-Dashboard!$G$16)/(Dashboard!$H$16-Dashboard!$G$16))))) | O9: =IF(tblHistory[[#This Row],[Date]]-MIN(tblHistory[Date])<729,NA(),MAX(MIN(1,MAX(0,(IF(ISNUMBER(tblHistory[[#This Row],[BBB]]),tblHistory[[#This Row],[BBB]],SUMIFS(tblHistory[BBB],tblHistory[Date],_xlfn.MAXIFS(tblHistory[Date],tblHistory[Date],"<"&tblHistory[[#This Row],[Date]],tblHistory[BBB],"<>")))-Dashboard!$G$17)/(Dashboard!$H$17-Dashboard!$G$17))),MIN(1,MAX(0,(IF(ISNUMBER(tblHistory[[#This Row],[BBB]]),tblHistory[[#This Row],[BBB]],SUMIFS(tblHistory[BBB],tblHistory[Date],_xlfn.MAXIFS(tblHistory[Date],tblHistory[Date],"<"&tblHistory[[#This Row],[Date]],tblHistory[BBB],"<>")))-_xlfn.MINIFS(tblHistory[BBB],tblHistory[Date],"<="&tblHistory[[#This Row],[Date]],tblHistory[Date],">="&tblHistory[[#This Row],[Date]]-365)-Dashboard!$L$17)/(Dashboard!$M$17-Dashboard!$L$17))))) | P9: =IF(tblHistory[[#This Row],[Date]]-MIN(tblHistory[Date])<729,NA(),MAX(MIN(1,MAX(0,(IF(ISNUMBER(tblHistory[[#This Row],[CCC]]),tblHistory[[#This Row],[CCC]],SUMIFS(tblHistory[CCC],tblHistory[Date],_xlfn.MAXIFS(tblHistory[Date],tblHistory[Date],"<"&tblHistory[[#This Row],[Date]],tblHistory[CCC],"<>")))-Dashboard!$G$18)/(Dashboard!$H$18-Dashboard!$G$18))),MIN(1,MAX(0,(IF(ISNUMBER(tblHistory[[#This Row],[CCC]]),tblHistory[[#This Row],[CCC]],SUMIFS(tblHistory[CCC],tblHistory[Date],_xlfn.MAXIFS(tblHistory[Date],tblHistory[Date],"<"&tblHistory[[#This Row],[Date]],tblHistory[CCC],"<>")))-_xlfn.MINIFS(tblHistory[CCC],tblHistory[Date],"<="&tblHistory[[#This Row],[Date]],tblHistory[Date],">="&tblHistory[[#This Row],[Date]]-365)-Dashboard!$L$18)/(Dashboard!$M$18-Dashboard!$L$18))))) | Q9: =IF(tblHistory[[#This Row],[Date]]-MIN(tblHistory[Date])<729,NA(),IF(IF(ISNUMBER(tblHistory[[#This Row],[BIZD]]),tblHistory[[#This Row],[BIZD]],SUMIFS(tblHistory[BIZD],tblHistory[Date],_xlfn.MAXIFS(tblHistory[Date],tblHistory[Date],"<"&tblHistory[[#This Row],[Date]],tblHistory[BIZD],"<>")))=0,0,MIN(1,MAX(0,((IF(ISNUMBER(tblHistory[[#This Row],[BIZD]]),tblHistory[[#This Row],[BIZD]],SUMIFS(tblHistory[BIZD],tblHistory[Date],_xlfn.MAXIFS(tblHistory[Date],tblHistory[Date],"<"&tblHistory[[#This Row],[Date]],tblHistory[BIZD],"<>")))/_xlfn.MAXIFS(tblHistory[BIZD],tblHistory[Date],"<="&tblHistory[[#This Row],[Date]],tblHistory[Date],">="&tblHistory[[#This Row],[Date]]-730)-1)-Dashboard!$G$19)/(Dashboard!$H$19-Dashboard!$G$19))))) | R9: =IF(tblHistory[[#This Row],[Date]]-MIN(tblHistory[Date])<729,NA(),IF(IF(ISNUMBER(tblHistory[[#This Row],[BKLN]]),tblHistory[[#This Row],[BKLN]],SUMIFS(tblHistory[BKLN],tblHistory[Date],_xlfn.MAXIFS(tblHistory[Date],tblHistory[Date],"<"&tblHistory[[#This Row],[Date]],tblHistory[BKLN],"<>")))=0,0,MIN(1,MAX(0,((IF(ISNUMBER(tblHistory[[#This Row],[BKLN]]),tblHistory[[#This Row],[BKLN]],SUMIFS(tblHistory[BKLN],tblHistory[Date],_xlfn.MAXIFS(tblHistory[Date],tblHistory[Date],"<"&tblHistory[[#This Row],[Date]],tblHistory[BKLN],"<>")))/_xlfn.MAXIFS(tblHistory[BKLN],tblHistory[Date],"<="&tblHistory[[#This Row],[Date]],tblHistory[Date],">="&tblHistory[[#This Row],[Date]]-730)-1)-Dashboard!$G$20)/(Dashboard!$H$20-Dashboard!$G$20))))) | S9: =IF(tblHistory[[#This Row],[Date]]-MIN(tblHistory[Date])<729,NA(),MAX(MIN(1,MAX(0,(IF(ISNUMBER(tblHistory[[#This Row],[HY]]),tblHistory[[#This Row],[HY]],SUMIFS(tblHistory[HY],tblHistory[Date],_xlfn.MAXIFS(tblHistory[Date],tblHistory[Date],"<"&tblHistory[[#This Row],[Date]],tblHistory[HY],"<>")))-Dashboard!$G$21)/(Dashboard!$H$21-Dashboard!$G$21))),MIN(1,MAX(0,(IF(ISNUMBER(tblHistory[[#This Row],[HY]]),tblHistory[[#This Row],[HY]],SUMIFS(tblHistory[HY],tblHistory[Date],_xlfn.MAXIFS(tblHistory[Date],tblHistory[Date],"<"&tblHistory[[#This Row],[Date]],tblHistory[HY],"<>")))-_xlfn.MINIFS(tblHistory[HY],tblHistory[Date],"<="&tblHistory[[#This Row],[Date]],tblHistory[Date],">="&tblHistory[[#This Row],[Date]]-365)-Dashboard!$L$21)/(Dashboard!$M$21-Dashboard!$L$21))))) | T9: =(Dashboard!$C$13*tblHistory[[#This Row],[NDX S]]+Dashboard!$C$14*tblHistory[[#This Row],[SOX S]]+Dashboard!$C$15*tblHistory[[#This Row],[AIQ S]])/(Dashboard!$C$13+Dashboard!$C$14+Dashboard!$C$15)*100 | U9: =(Dashboard!$C$16*tblHistory[[#This Row],[DTCR S]]+Dashboard!$C$17*tblHistory[[#This Row],[BBB S]]+Dashboard!$C$18*tblHistory[[#This Row],[CCC S]])/(Dashboard!$C$16+Dashboard!$C$17+Dashboard!$C$18)*100 | V9: =(Dashboard!$C$19*tblHistory[[#This Row],[BIZD S]]+Dashboard!$C$20*tblHistory[[#This Row],[BKLN S]]+Dashboard!$C$21*tblHistory[[#This Row],[HY S]])/(Dashboard!$C$19+Dashboard!$C$20+Dashboard!$C$21)*100 | W9: =ROUND((Dashboard!$C$13*tblHistory[[#This Row],[NDX S]]+Dashboard!$C$14*tblHistory[[#This Row],[SOX S]]+Dashboard!$C$15*tblHistory[[#This Row],[AIQ S]]+Dashboard!$C$16*tblHistory[[#This Row],[DTCR S]]+Dashboard!$C$17*tblHistory[[#This Row],[BBB S]]+Dashboard!$C$18*tblHistory[[#This Row],[CCC S]]+Dashboard!$C$19*tblHistory[[#This Row],[BIZD S]]+Dashboard!$C$20*tblHistory[[#This Row],[BKLN S]]+Dashboard!$C$21*tblHistory[[#This Row],[HY S]])/(Dashboard!$C$13+Dashboard!$C$14+Dashboard!$C$15+Dashboard!$C$16+Dashboard!$C$17+Dashboard!$C$18+Dashboard!$C$19+Dashboard!$C$20+Dashboard!$C$21)*100,0) | X9: =IFERROR(--(tblHistory[[#This Row],[Score]]>=50),0) | Y9: =IFERROR(--AND(tblHistory[[#This Row],[Score]]>=60,OR(AND(tblHistory[[#This Row],[BIZD S]]>=0.8,tblHistory[[#This Row],[BKLN S]]>=0.5),tblHistory[[#This Row],[CCC S]]>=0.8)),0) | Z9: =IFERROR(--AND(tblHistory[[#This Row],[Score]]>=70,tblHistory[[#This Row],[SOX S]]>=0.83,tblHistory[[#This Row],[AIQ S]]>=0.8),0) | AA9: =IFERROR(--AND(tblHistory[[#This Row],[Score]]>=75,tblHistory[[#This Row],[NDX S]]=1,OR(IF(ISNUMBER(tblHistory[[#This Row],[HY]]),tblHistory[[#This Row],[HY]],SUMIFS(tblHistory[HY],tblHistory[Date],_xlfn.MAXIFS(tblHistory[Date],tblHistory[Date],"<"&tblHistory[[#This Row],[Date]],tblHistory[HY],"<>")))>=500,tblHistory[[#This Row],[BIZD S]]=1)),0) | AB9: =IFERROR(--(COUNTIFS(tblHistory[Date],">="&tblHistory[[#This Row],[Date]],tblHistory[Date],"<="&_xlfn.AGGREGATE(15,6,tblHistory[Date]/(tblHistory[Date]>=tblHistory[[#This Row],[Date]]),5),tblHistory[L1],1)=5),0) | AC9: =IFERROR(--(COUNTIFS(tblHistory[Date],">="&tblHistory[[#This Row],[Date]],tblHistory[Date],"<="&_xlfn.AGGREGATE(15,6,tblHistory[Date]/(tblHistory[Date]>=tblHistory[[#This Row],[Date]]),5),tblHistory[L2],1)=5),0) | AD9: =IFERROR(--(COUNTIFS(tblHistory[Date],">="&tblHistory[[#This Row],[Date]],tblHistory[Date],"<="&_xlfn.AGGREGATE(15,6,tblHistory[Date]/(tblHistory[Date]>=tblHistory[[#This Row],[Date]]),5),tblHistory[L3],1)=5),0) | AE9: =IFERROR(--(COUNTIFS(tblHistory[Date],">="&tblHistory[[#This Row],[Date]],tblHistory[Date],"<="&_xlfn.AGGREGATE(15,6,tblHistory[Date]/(tblHistory[Date]>=tblHistory[[#This Row],[Date]]),5),tblHistory[L4],1)=5),0)
A10: 46314 | B10: 29529.35 | C10: 11316.34 | D10: 62.96 | E10: 25.7 | F10: 108 | G10: 1310 | H10: 11.81 | I10: 20.32 | J10: 329 | K10: =IF(tblHistory[[#This Row],[Date]]-MIN(tblHistory[Date])<729,NA(),IF(IF(ISNUMBER(tblHistory[[#This Row],[NDX]]),tblHistory[[#This Row],[NDX]],SUMIFS(tblHistory[NDX],tblHistory[Date],_xlfn.MAXIFS(tblHistory[Date],tblHistory[Date],"<"&tblHistory[[#This Row],[Date]],tblHistory[NDX],"<>")))=0,0,MIN(1,MAX(0,((IF(ISNUMBER(tblHistory[[#This Row],[NDX]]),tblHistory[[#This Row],[NDX]],SUMIFS(tblHistory[NDX],tblHistory[Date],_xlfn.MAXIFS(tblHistory[Date],tblHistory[Date],"<"&tblHistory[[#This Row],[Date]],tblHistory[NDX],"<>")))/_xlfn.MAXIFS(tblHistory[NDX],tblHistory[Date],"<="&tblHistory[[#This Row],[Date]],tblHistory[Date],">="&tblHistory[[#This Row],[Date]]-730)-1)-Dashboard!$G$13)/(Dashboard!$H$13-Dashboard!$G$13))))) | L10: =IF(tblHistory[[#This Row],[Date]]-MIN(tblHistory[Date])<729,NA(),IF(IF(ISNUMBER(tblHistory[[#This Row],[SOX]]),tblHistory[[#This Row],[SOX]],SUMIFS(tblHistory[SOX],tblHistory[Date],_xlfn.MAXIFS(tblHistory[Date],tblHistory[Date],"<"&tblHistory[[#This Row],[Date]],tblHistory[SOX],"<>")))=0,0,MIN(1,MAX(0,((IF(ISNUMBER(tblHistory[[#This Row],[SOX]]),tblHistory[[#This Row],[SOX]],SUMIFS(tblHistory[SOX],tblHistory[Date],_xlfn.MAXIFS(tblHistory[Date],tblHistory[Date],"<"&tblHistory[[#This Row],[Date]],tblHistory[SOX],"<>")))/_xlfn.MAXIFS(tblHistory[SOX],tblHistory[Date],"<="&tblHistory[[#This Row],[Date]],tblHistory[Date],">="&tblHistory[[#This Row],[Date]]-730)-1)-Dashboard!$G$14)/(Dashboard!$H$14-Dashboard!$G$14))))) | M10: =IF(tblHistory[[#This Row],[Date]]-MIN(tblHistory[Date])<729,NA(),IF(IF(ISNUMBER(tblHistory[[#This Row],[AIQ]]),tblHistory[[#This Row],[AIQ]],SUMIFS(tblHistory[AIQ],tblHistory[Date],_xlfn.MAXIFS(tblHistory[Date],tblHistory[Date],"<"&tblHistory[[#This Row],[Date]],tblHistory[AIQ],"<>")))=0,0,MIN(1,MAX(0,((IF(ISNUMBER(tblHistory[[#This Row],[AIQ]]),tblHistory[[#This Row],[AIQ]],SUMIFS(tblHistory[AIQ],tblHistory[Date],_xlfn.MAXIFS(tblHistory[Date],tblHistory[Date],"<"&tblHistory[[#This Row],[Date]],tblHistory[AIQ],"<>")))/_xlfn.MAXIFS(tblHistory[AIQ],tblHistory[Date],"<="&tblHistory[[#This Row],[Date]],tblHistory[Date],">="&tblHistory[[#This Row],[Date]]-730)-1)-Dashboard!$G$15)/(Dashboard!$H$15-Dashboard!$G$15))))) | N10: =IF(tblHistory[[#This Row],[Date]]-MIN(tblHistory[Date])<729,NA(),IF(IF(ISNUMBER(tblHistory[[#This Row],[DTCR]]),tblHistory[[#This Row],[DTCR]],SUMIFS(tblHistory[DTCR],tblHistory[Date],_xlfn.MAXIFS(tblHistory[Date],tblHistory[Date],"<"&tblHistory[[#This Row],[Date]],tblHistory[DTCR],"<>")))=0,0,MIN(1,MAX(0,((IF(ISNUMBER(tblHistory[[#This Row],[DTCR]]),tblHistory[[#This Row],[DTCR]],SUMIFS(tblHistory[DTCR],tblHistory[Date],_xlfn.MAXIFS(tblHistory[Date],tblHistory[Date],"<"&tblHistory[[#This Row],[Date]],tblHistory[DTCR],"<>")))/_xlfn.MAXIFS(tblHistory[DTCR],tblHistory[Date],"<="&tblHistory[[#This Row],[Date]],tblHistory[Date],">="&tblHistory[[#This Row],[Date]]-730)-1)-Dashboard!$G$16)/(Dashboard!$H$16-Dashboard!$G$16))))) | O10: =IF(tblHistory[[#This Row],[Date]]-MIN(tblHistory[Date])<729,NA(),MAX(MIN(1,MAX(0,(IF(ISNUMBER(tblHistory[[#This Row],[BBB]]),tblHistory[[#This Row],[BBB]],SUMIFS(tblHistory[BBB],tblHistory[Date],_xlfn.MAXIFS(tblHistory[Date],tblHistory[Date],"<"&tblHistory[[#This Row],[Date]],tblHistory[BBB],"<>")))-Dashboard!$G$17)/(Dashboard!$H$17-Dashboard!$G$17))),MIN(1,MAX(0,(IF(ISNUMBER(tblHistory[[#This Row],[BBB]]),tblHistory[[#This Row],[BBB]],SUMIFS(tblHistory[BBB],tblHistory[Date],_xlfn.MAXIFS(tblHistory[Date],tblHistory[Date],"<"&tblHistory[[#This Row],[Date]],tblHistory[BBB],"<>")))-_xlfn.MINIFS(tblHistory[BBB],tblHistory[Date],"<="&tblHistory[[#This Row],[Date]],tblHistory[Date],">="&tblHistory[[#This Row],[Date]]-365)-Dashboard!$L$17)/(Dashboard!$M$17-Dashboard!$L$17))))) | P10: =IF(tblHistory[[#This Row],[Date]]-MIN(tblHistory[Date])<729,NA(),MAX(MIN(1,MAX(0,(IF(ISNUMBER(tblHistory[[#This Row],[CCC]]),tblHistory[[#This Row],[CCC]],SUMIFS(tblHistory[CCC],tblHistory[Date],_xlfn.MAXIFS(tblHistory[Date],tblHistory[Date],"<"&tblHistory[[#This Row],[Date]],tblHistory[CCC],"<>")))-Dashboard!$G$18)/(Dashboard!$H$18-Dashboard!$G$18))),MIN(1,MAX(0,(IF(ISNUMBER(tblHistory[[#This Row],[CCC]]),tblHistory[[#This Row],[CCC]],SUMIFS(tblHistory[CCC],tblHistory[Date],_xlfn.MAXIFS(tblHistory[Date],tblHistory[Date],"<"&tblHistory[[#This Row],[Date]],tblHistory[CCC],"<>")))-_xlfn.MINIFS(tblHistory[CCC],tblHistory[Date],"<="&tblHistory[[#This Row],[Date]],tblHistory[Date],">="&tblHistory[[#This Row],[Date]]-365)-Dashboard!$L$18)/(Dashboard!$M$18-Dashboard!$L$18))))) | Q10: =IF(tblHistory[[#This Row],[Date]]-MIN(tblHistory[Date])<729,NA(),IF(IF(ISNUMBER(tblHistory[[#This Row],[BIZD]]),tblHistory[[#This Row],[BIZD]],SUMIFS(tblHistory[BIZD],tblHistory[Date],_xlfn.MAXIFS(tblHistory[Date],tblHistory[Date],"<"&tblHistory[[#This Row],[Date]],tblHistory[BIZD],"<>")))=0,0,MIN(1,MAX(0,((IF(ISNUMBER(tblHistory[[#This Row],[BIZD]]),tblHistory[[#This Row],[BIZD]],SUMIFS(tblHistory[BIZD],tblHistory[Date],_xlfn.MAXIFS(tblHistory[Date],tblHistory[Date],"<"&tblHistory[[#This Row],[Date]],tblHistory[BIZD],"<>")))/_xlfn.MAXIFS(tblHistory[BIZD],tblHistory[Date],"<="&tblHistory[[#This Row],[Date]],tblHistory[Date],">="&tblHistory[[#This Row],[Date]]-730)-1)-Dashboard!$G$19)/(Dashboard!$H$19-Dashboard!$G$19))))) | R10: =IF(tblHistory[[#This Row],[Date]]-MIN(tblHistory[Date])<729,NA(),IF(IF(ISNUMBER(tblHistory[[#This Row],[BKLN]]),tblHistory[[#This Row],[BKLN]],SUMIFS(tblHistory[BKLN],tblHistory[Date],_xlfn.MAXIFS(tblHistory[Date],tblHistory[Date],"<"&tblHistory[[#This Row],[Date]],tblHistory[BKLN],"<>")))=0,0,MIN(1,MAX(0,((IF(ISNUMBER(tblHistory[[#This Row],[BKLN]]),tblHistory[[#This Row],[BKLN]],SUMIFS(tblHistory[BKLN],tblHistory[Date],_xlfn.MAXIFS(tblHistory[Date],tblHistory[Date],"<"&tblHistory[[#This Row],[Date]],tblHistory[BKLN],"<>")))/_xlfn.MAXIFS(tblHistory[BKLN],tblHistory[Date],"<="&tblHistory[[#This Row],[Date]],tblHistory[Date],">="&tblHistory[[#This Row],[Date]]-730)-1)-Dashboard!$G$20)/(Dashboard!$H$20-Dashboard!$G$20))))) | S10: =IF(tblHistory[[#This Row],[Date]]-MIN(tblHistory[Date])<729,NA(),MAX(MIN(1,MAX(0,(IF(ISNUMBER(tblHistory[[#This Row],[HY]]),tblHistory[[#This Row],[HY]],SUMIFS(tblHistory[HY],tblHistory[Date],_xlfn.MAXIFS(tblHistory[Date],tblHistory[Date],"<"&tblHistory[[#This Row],[Date]],tblHistory[HY],"<>")))-Dashboard!$G$21)/(Dashboard!$H$21-Dashboard!$G$21))),MIN(1,MAX(0,(IF(ISNUMBER(tblHistory[[#This Row],[HY]]),tblHistory[[#This Row],[HY]],SUMIFS(tblHistory[HY],tblHistory[Date],_xlfn.MAXIFS(tblHistory[Date],tblHistory[Date],"<"&tblHistory[[#This Row],[Date]],tblHistory[HY],"<>")))-_xlfn.MINIFS(tblHistory[HY],tblHistory[Date],"<="&tblHistory[[#This Row],[Date]],tblHistory[Date],">="&tblHistory[[#This Row],[Date]]-365)-Dashboard!$L$21)/(Dashboard!$M$21-Dashboard!$L$21))))) | T10: =(Dashboard!$C$13*tblHistory[[#This Row],[NDX S]]+Dashboard!$C$14*tblHistory[[#This Row],[SOX S]]+Dashboard!$C$15*tblHistory[[#This Row],[AIQ S]])/(Dashboard!$C$13+Dashboard!$C$14+Dashboard!$C$15)*100 | U10: =(Dashboard!$C$16*tblHistory[[#This Row],[DTCR S]]+Dashboard!$C$17*tblHistory[[#This Row],[BBB S]]+Dashboard!$C$18*tblHistory[[#This Row],[CCC S]])/(Dashboard!$C$16+Dashboard!$C$17+Dashboard!$C$18)*100 | V10: =(Dashboard!$C$19*tblHistory[[#This Row],[BIZD S]]+Dashboard!$C$20*tblHistory[[#This Row],[BKLN S]]+Dashboard!$C$21*tblHistory[[#This Row],[HY S]])/(Dashboard!$C$19+Dashboard!$C$20+Dashboard!$C$21)*100 | W10: =ROUND((Dashboard!$C$13*tblHistory[[#This Row],[NDX S]]+Dashboard!$C$14*tblHistory[[#This Row],[SOX S]]+Dashboard!$C$15*tblHistory[[#This Row],[AIQ S]]+Dashboard!$C$16*tblHistory[[#This Row],[DTCR S]]+Dashboard!$C$17*tblHistory[[#This Row],[BBB S]]+Dashboard!$C$18*tblHistory[[#This Row],[CCC S]]+Dashboard!$C$19*tblHistory[[#This Row],[BIZD S]]+Dashboard!$C$20*tblHistory[[#This Row],[BKLN S]]+Dashboard!$C$21*tblHistory[[#This Row],[HY S]])/(Dashboard!$C$13+Dashboard!$C$14+Dashboard!$C$15+Dashboard!$C$16+Dashboard!$C$17+Dashboard!$C$18+Dashboard!$C$19+Dashboard!$C$20+Dashboard!$C$21)*100,0) | X10: =IFERROR(--(tblHistory[[#This Row],[Score]]>=50),0) | Y10: =IFERROR(--AND(tblHistory[[#This Row],[Score]]>=60,OR(AND(tblHistory[[#This Row],[BIZD S]]>=0.8,tblHistory[[#This Row],[BKLN S]]>=0.5),tblHistory[[#This Row],[CCC S]]>=0.8)),0) | Z10: =IFERROR(--AND(tblHistory[[#This Row],[Score]]>=70,tblHistory[[#This Row],[SOX S]]>=0.83,tblHistory[[#This Row],[AIQ S]]>=0.8),0) | AA10: =IFERROR(--AND(tblHistory[[#This Row],[Score]]>=75,tblHistory[[#This Row],[NDX S]]=1,OR(IF(ISNUMBER(tblHistory[[#This Row],[HY]]),tblHistory[[#This Row],[HY]],SUMIFS(tblHistory[HY],tblHistory[Date],_xlfn.MAXIFS(tblHistory[Date],tblHistory[Date],"<"&tblHistory[[#This Row],[Date]],tblHistory[HY],"<>")))>=500,tblHistory[[#This Row],[BIZD S]]=1)),0) | AB10: =IFERROR(--(COUNTIFS(tblHistory[Date],">="&tblHistory[[#This Row],[Date]],tblHistory[Date],"<="&_xlfn.AGGREGATE(15,6,tblHistory[Date]/(tblHistory[Date]>=tblHistory[[#This Row],[Date]]),5),tblHistory[L1],1)=5),0) | AC10: =IFERROR(--(COUNTIFS(tblHistory[Date],">="&tblHistory[[#This Row],[Date]],tblHistory[Date],"<="&_xlfn.AGGREGATE(15,6,tblHistory[Date]/(tblHistory[Date]>=tblHistory[[#This Row],[Date]]),5),tblHistory[L2],1)=5),0) | AD10: =IFERROR(--(COUNTIFS(tblHistory[Date],">="&tblHistory[[#This Row],[Date]],tblHistory[Date],"<="&_xlfn.AGGREGATE(15,6,tblHistory[Date]/(tblHistory[Date]>=tblHistory[[#This Row],[Date]]),5),tblHistory[L3],1)=5),0) | AE10: =IFERROR(--(COUNTIFS(tblHistory[Date],">="&tblHistory[[#This Row],[Date]],tblHistory[Date],"<="&_xlfn.AGGREGATE(15,6,tblHistory[Date]/(tblHistory[Date]>=tblHistory[[#This Row],[Date]]),5),tblHistory[L4],1)=5),0)
A11: 46311 | B11: 29187.551 | C11: 11137.29 | D11: 62.02 | E11: 25.78 | F11: 106 | G11: 1297 | H11: 12.01 | I11: 20.324 | J11: 331 | K11: =IF(tblHistory[[#This Row],[Date]]-MIN(tblHistory[Date])<729,NA(),IF(IF(ISNUMBER(tblHistory[[#This Row],[NDX]]),tblHistory[[#This Row],[NDX]],SUMIFS(tblHistory[NDX],tblHistory[Date],_xlfn.MAXIFS(tblHistory[Date],tblHistory[Date],"<"&tblHistory[[#This Row],[Date]],tblHistory[NDX],"<>")))=0,0,MIN(1,MAX(0,((IF(ISNUMBER(tblHistory[[#This Row],[NDX]]),tblHistory[[#This Row],[NDX]],SUMIFS(tblHistory[NDX],tblHistory[Date],_xlfn.MAXIFS(tblHistory[Date],tblHistory[Date],"<"&tblHistory[[#This Row],[Date]],tblHistory[NDX],"<>")))/_xlfn.MAXIFS(tblHistory[NDX],tblHistory[Date],"<="&tblHistory[[#This Row],[Date]],tblHistory[Date],">="&tblHistory[[#This Row],[Date]]-730)-1)-Dashboard!$G$13)/(Dashboard!$H$13-Dashboard!$G$13))))) | L11: =IF(tblHistory[[#This Row],[Date]]-MIN(tblHistory[Date])<729,NA(),IF(IF(ISNUMBER(tblHistory[[#This Row],[SOX]]),tblHistory[[#This Row],[SOX]],SUMIFS(tblHistory[SOX],tblHistory[Date],_xlfn.MAXIFS(tblHistory[Date],tblHistory[Date],"<"&tblHistory[[#This Row],[Date]],tblHistory[SOX],"<>")))=0,0,MIN(1,MAX(0,((IF(ISNUMBER(tblHistory[[#This Row],[SOX]]),tblHistory[[#This Row],[SOX]],SUMIFS(tblHistory[SOX],tblHistory[Date],_xlfn.MAXIFS(tblHistory[Date],tblHistory[Date],"<"&tblHistory[[#This Row],[Date]],tblHistory[SOX],"<>")))/_xlfn.MAXIFS(tblHistory[SOX],tblHistory[Date],"<="&tblHistory[[#This Row],[Date]],tblHistory[Date],">="&tblHistory[[#This Row],[Date]]-730)-1)-Dashboard!$G$14)/(Dashboard!$H$14-Dashboard!$G$14))))) | M11: =IF(tblHistory[[#This Row],[Date]]-MIN(tblHistory[Date])<729,NA(),IF(IF(ISNUMBER(tblHistory[[#This Row],[AIQ]]),tblHistory[[#This Row],[AIQ]],SUMIFS(tblHistory[AIQ],tblHistory[Date],_xlfn.MAXIFS(tblHistory[Date],tblHistory[Date],"<"&tblHistory[[#This Row],[Date]],tblHistory[AIQ],"<>")))=0,0,MIN(1,MAX(0,((IF(ISNUMBER(tblHistory[[#This Row],[AIQ]]),tblHistory[[#This Row],[AIQ]],SUMIFS(tblHistory[AIQ],tblHistory[Date],_xlfn.MAXIFS(tblHistory[Date],tblHistory[Date],"<"&tblHistory[[#This Row],[Date]],tblHistory[AIQ],"<>")))/_xlfn.MAXIFS(tblHistory[AIQ],tblHistory[Date],"<="&tblHistory[[#This Row],[Date]],tblHistory[Date],">="&tblHistory[[#This Row],[Date]]-730)-1)-Dashboard!$G$15)/(Dashboard!$H$15-Dashboard!$G$15))))) | N11: =IF(tblHistory[[#This Row],[Date]]-MIN(tblHistory[Date])<729,NA(),IF(IF(ISNUMBER(tblHistory[[#This Row],[DTCR]]),tblHistory[[#This Row],[DTCR]],SUMIFS(tblHistory[DTCR],tblHistory[Date],_xlfn.MAXIFS(tblHistory[Date],tblHistory[Date],"<"&tblHistory[[#This Row],[Date]],tblHistory[DTCR],"<>")))=0,0,MIN(1,MAX(0,((IF(ISNUMBER(tblHistory[[#This Row],[DTCR]]),tblHistory[[#This Row],[DTCR]],SUMIFS(tblHistory[DTCR],tblHistory[Date],_xlfn.MAXIFS(tblHistory[Date],tblHistory[Date],"<"&tblHistory[[#This Row],[Date]],tblHistory[DTCR],"<>")))/_xlfn.MAXIFS(tblHistory[DTCR],tblHistory[Date],"<="&tblHistory[[#This Row],[Date]],tblHistory[Date],">="&tblHistory[[#This Row],[Date]]-730)-1)-Dashboard!$G$16)/(Dashboard!$H$16-Dashboard!$G$16))))) | O11: =IF(tblHistory[[#This Row],[Date]]-MIN(tblHistory[Date])<729,NA(),MAX(MIN(1,MAX(0,(IF(ISNUMBER(tblHistory[[#This Row],[BBB]]),tblHistory[[#This Row],[BBB]],SUMIFS(tblHistory[BBB],tblHistory[Date],_xlfn.MAXIFS(tblHistory[Date],tblHistory[Date],"<"&tblHistory[[#This Row],[Date]],tblHistory[BBB],"<>")))-Dashboard!$G$17)/(Dashboard!$H$17-Dashboard!$G$17))),MIN(1,MAX(0,(IF(ISNUMBER(tblHistory[[#This Row],[BBB]]),tblHistory[[#This Row],[BBB]],SUMIFS(tblHistory[BBB],tblHistory[Date],_xlfn.MAXIFS(tblHistory[Date],tblHistory[Date],"<"&tblHistory[[#This Row],[Date]],tblHistory[BBB],"<>")))-_xlfn.MINIFS(tblHistory[BBB],tblHistory[Date],"<="&tblHistory[[#This Row],[Date]],tblHistory[Date],">="&tblHistory[[#This Row],[Date]]-365)-Dashboard!$L$17)/(Dashboard!$M$17-Dashboard!$L$17))))) | P11: =IF(tblHistory[[#This Row],[Date]]-MIN(tblHistory[Date])<729,NA(),MAX(MIN(1,MAX(0,(IF(ISNUMBER(tblHistory[[#This Row],[CCC]]),tblHistory[[#This Row],[CCC]],SUMIFS(tblHistory[CCC],tblHistory[Date],_xlfn.MAXIFS(tblHistory[Date],tblHistory[Date],"<"&tblHistory[[#This Row],[Date]],tblHistory[CCC],"<>")))-Dashboard!$G$18)/(Dashboard!$H$18-Dashboard!$G$18))),MIN(1,MAX(0,(IF(ISNUMBER(tblHistory[[#This Row],[CCC]]),tblHistory[[#This Row],[CCC]],SUMIFS(tblHistory[CCC],tblHistory[Date],_xlfn.MAXIFS(tblHistory[Date],tblHistory[Date],"<"&tblHistory[[#This Row],[Date]],tblHistory[CCC],"<>")))-_xlfn.MINIFS(tblHistory[CCC],tblHistory[Date],"<="&tblHistory[[#This Row],[Date]],tblHistory[Date],">="&tblHistory[[#This Row],[Date]]-365)-Dashboard!$L$18)/(Dashboard!$M$18-Dashboard!$L$18))))) | Q11: =IF(tblHistory[[#This Row],[Date]]-MIN(tblHistory[Date])<729,NA(),IF(IF(ISNUMBER(tblHistory[[#This Row],[BIZD]]),tblHistory[[#This Row],[BIZD]],SUMIFS(tblHistory[BIZD],tblHistory[Date],_xlfn.MAXIFS(tblHistory[Date],tblHistory[Date],"<"&tblHistory[[#This Row],[Date]],tblHistory[BIZD],"<>")))=0,0,MIN(1,MAX(0,((IF(ISNUMBER(tblHistory[[#This Row],[BIZD]]),tblHistory[[#This Row],[BIZD]],SUMIFS(tblHistory[BIZD],tblHistory[Date],_xlfn.MAXIFS(tblHistory[Date],tblHistory[Date],"<"&tblHistory[[#This Row],[Date]],tblHistory[BIZD],"<>")))/_xlfn.MAXIFS(tblHistory[BIZD],tblHistory[Date],"<="&tblHistory[[#This Row],[Date]],tblHistory[Date],">="&tblHistory[[#This Row],[Date]]-730)-1)-Dashboard!$G$19)/(Dashboard!$H$19-Dashboard!$G$19))))) | R11: =IF(tblHistory[[#This Row],[Date]]-MIN(tblHistory[Date])<729,NA(),IF(IF(ISNUMBER(tblHistory[[#This Row],[BKLN]]),tblHistory[[#This Row],[BKLN]],SUMIFS(tblHistory[BKLN],tblHistory[Date],_xlfn.MAXIFS(tblHistory[Date],tblHistory[Date],"<"&tblHistory[[#This Row],[Date]],tblHistory[BKLN],"<>")))=0,0,MIN(1,MAX(0,((IF(ISNUMBER(tblHistory[[#This Row],[BKLN]]),tblHistory[[#This Row],[BKLN]],SUMIFS(tblHistory[BKLN],tblHistory[Date],_xlfn.MAXIFS(tblHistory[Date],tblHistory[Date],"<"&tblHistory[[#This Row],[Date]],tblHistory[BKLN],"<>")))/_xlfn.MAXIFS(tblHistory[BKLN],tblHistory[Date],"<="&tblHistory[[#This Row],[Date]],tblHistory[Date],">="&tblHistory[[#This Row],[Date]]-730)-1)-Dashboard!$G$20)/(Dashboard!$H$20-Dashboard!$G$20))))) | S11: =IF(tblHistory[[#This Row],[Date]]-MIN(tblHistory[Date])<729,NA(),MAX(MIN(1,MAX(0,(IF(ISNUMBER(tblHistory[[#This Row],[HY]]),tblHistory[[#This Row],[HY]],SUMIFS(tblHistory[HY],tblHistory[Date],_xlfn.MAXIFS(tblHistory[Date],tblHistory[Date],"<"&tblHistory[[#This Row],[Date]],tblHistory[HY],"<>")))-Dashboard!$G$21)/(Dashboard!$H$21-Dashboard!$G$21))),MIN(1,MAX(0,(IF(ISNUMBER(tblHistory[[#This Row],[HY]]),tblHistory[[#This Row],[HY]],SUMIFS(tblHistory[HY],tblHistory[Date],_xlfn.MAXIFS(tblHistory[Date],tblHistory[Date],"<"&tblHistory[[#This Row],[Date]],tblHistory[HY],"<>")))-_xlfn.MINIFS(tblHistory[HY],tblHistory[Date],"<="&tblHistory[[#This Row],[Date]],tblHistory[Date],">="&tblHistory[[#This Row],[Date]]-365)-Dashboard!$L$21)/(Dashboard!$M$21-Dashboard!$L$21))))) | T11: =(Dashboard!$C$13*tblHistory[[#This Row],[NDX S]]+Dashboard!$C$14*tblHistory[[#This Row],[SOX S]]+Dashboard!$C$15*tblHistory[[#This Row],[AIQ S]])/(Dashboard!$C$13+Dashboard!$C$14+Dashboard!$C$15)*100 | U11: =(Dashboard!$C$16*tblHistory[[#This Row],[DTCR S]]+Dashboard!$C$17*tblHistory[[#This Row],[BBB S]]+Dashboard!$C$18*tblHistory[[#This Row],[CCC S]])/(Dashboard!$C$16+Dashboard!$C$17+Dashboard!$C$18)*100 | V11: =(Dashboard!$C$19*tblHistory[[#This Row],[BIZD S]]+Dashboard!$C$20*tblHistory[[#This Row],[BKLN S]]+Dashboard!$C$21*tblHistory[[#This Row],[HY S]])/(Dashboard!$C$19+Dashboard!$C$20+Dashboard!$C$21)*100 | W11: =ROUND((Dashboard!$C$13*tblHistory[[#This Row],[NDX S]]+Dashboard!$C$14*tblHistory[[#This Row],[SOX S]]+Dashboard!$C$15*tblHistory[[#This Row],[AIQ S]]+Dashboard!$C$16*tblHistory[[#This Row],[DTCR S]]+Dashboard!$C$17*tblHistory[[#This Row],[BBB S]]+Dashboard!$C$18*tblHistory[[#This Row],[CCC S]]+Dashboard!$C$19*tblHistory[[#This Row],[BIZD S]]+Dashboard!$C$20*tblHistory[[#This Row],[BKLN S]]+Dashboard!$C$21*tblHistory[[#This Row],[HY S]])/(Dashboard!$C$13+Dashboard!$C$14+Dashboard!$C$15+Dashboard!$C$16+Dashboard!$C$17+Dashboard!$C$18+Dashboard!$C$19+Dashboard!$C$20+Dashboard!$C$21)*100,0) | X11: =IFERROR(--(tblHistory[[#This Row],[Score]]>=50),0) | Y11: =IFERROR(--AND(tblHistory[[#This Row],[Score]]>=60,OR(AND(tblHistory[[#This Row],[BIZD S]]>=0.8,tblHistory[[#This Row],[BKLN S]]>=0.5),tblHistory[[#This Row],[CCC S]]>=0.8)),0) | Z11: =IFERROR(--AND(tblHistory[[#This Row],[Score]]>=70,tblHistory[[#This Row],[SOX S]]>=0.83,tblHistory[[#This Row],[AIQ S]]>=0.8),0) | AA11: =IFERROR(--AND(tblHistory[[#This Row],[Score]]>=75,tblHistory[[#This Row],[NDX S]]=1,OR(IF(ISNUMBER(tblHistory[[#This Row],[HY]]),tblHistory[[#This Row],[HY]],SUMIFS(tblHistory[HY],tblHistory[Date],_xlfn.MAXIFS(tblHistory[Date],tblHistory[Date],"<"&tblHistory[[#This Row],[Date]],tblHistory[HY],"<>")))>=500,tblHistory[[#This Row],[BIZD S]]=1)),0) | AB11: =IFERROR(--(COUNTIFS(tblHistory[Date],">="&tblHistory[[#This Row],[Date]],tblHistory[Date],"<="&_xlfn.AGGREGATE(15,6,tblHistory[Date]/(tblHistory[Date]>=tblHistory[[#This Row],[Date]]),5),tblHistory[L1],1)=5),0) | AC11: =IFERROR(--(COUNTIFS(tblHistory[Date],">="&tblHistory[[#This Row],[Date]],tblHistory[Date],"<="&_xlfn.AGGREGATE(15,6,tblHistory[Date]/(tblHistory[Date]>=tblHistory[[#This Row],[Date]]),5),tblHistory[L2],1)=5),0) | AD11: =IFERROR(--(COUNTIFS(tblHistory[Date],">="&tblHistory[[#This Row],[Date]],tblHistory[Date],"<="&_xlfn.AGGREGATE(15,6,tblHistory[Date]/(tblHistory[Date]>=tblHistory[[#This Row],[Date]]),5),tblHistory[L3],1)=5),0) | AE11: =IFERROR(--(COUNTIFS(tblHistory[Date],">="&tblHistory[[#This Row],[Date]],tblHistory[Date],"<="&_xlfn.AGGREGATE(15,6,tblHistory[Date]/(tblHistory[Date]>=tblHistory[[#This Row],[Date]]),5),tblHistory[L4],1)=5),0)
A12: 46310 | B12: 29935.6 | C12: 11581.21 | D12: 64.09 | E12: 26.24 | F12: 105 | G12: 1278 | H12: 12.23 | I12: 20.3538 | J12: 323 | K12: =IF(tblHistory[[#This Row],[Date]]-MIN(tblHistory[Date])<729,NA(),IF(IF(ISNUMBER(tblHistory[[#This Row],[NDX]]),tblHistory[[#This Row],[NDX]],SUMIFS(tblHistory[NDX],tblHistory[Date],_xlfn.MAXIFS(tblHistory[Date],tblHistory[Date],"<"&tblHistory[[#This Row],[Date]],tblHistory[NDX],"<>")))=0,0,MIN(1,MAX(0,((IF(ISNUMBER(tblHistory[[#This Row],[NDX]]),tblHistory[[#This Row],[NDX]],SUMIFS(tblHistory[NDX],tblHistory[Date],_xlfn.MAXIFS(tblHistory[Date],tblHistory[Date],"<"&tblHistory[[#This Row],[Date]],tblHistory[NDX],"<>")))/_xlfn.MAXIFS(tblHistory[NDX],tblHistory[Date],"<="&tblHistory[[#This Row],[Date]],tblHistory[Date],">="&tblHistory[[#This Row],[Date]]-730)-1)-Dashboard!$G$13)/(Dashboard!$H$13-Dashboard!$G$13))))) | L12: =IF(tblHistory[[#This Row],[Date]]-MIN(tblHistory[Date])<729,NA(),IF(IF(ISNUMBER(tblHistory[[#This Row],[SOX]]),tblHistory[[#This Row],[SOX]],SUMIFS(tblHistory[SOX],tblHistory[Date],_xlfn.MAXIFS(tblHistory[Date],tblHistory[Date],"<"&tblHistory[[#This Row],[Date]],tblHistory[SOX],"<>")))=0,0,MIN(1,MAX(0,((IF(ISNUMBER(tblHistory[[#This Row],[SOX]]),tblHistory[[#This Row],[SOX]],SUMIFS(tblHistory[SOX],tblHistory[Date],_xlfn.MAXIFS(tblHistory[Date],tblHistory[Date],"<"&tblHistory[[#This Row],[Date]],tblHistory[SOX],"<>")))/_xlfn.MAXIFS(tblHistory[SOX],tblHistory[Date],"<="&tblHistory[[#This Row],[Date]],tblHistory[Date],">="&tblHistory[[#This Row],[Date]]-730)-1)-Dashboard!$G$14)/(Dashboard!$H$14-Dashboard!$G$14))))) | M12: =IF(tblHistory[[#This Row],[Date]]-MIN(tblHistory[Date])<729,NA(),IF(IF(ISNUMBER(tblHistory[[#This Row],[AIQ]]),tblHistory[[#This Row],[AIQ]],SUMIFS(tblHistory[AIQ],tblHistory[Date],_xlfn.MAXIFS(tblHistory[Date],tblHistory[Date],"<"&tblHistory[[#This Row],[Date]],tblHistory[AIQ],"<>")))=0,0,MIN(1,MAX(0,((IF(ISNUMBER(tblHistory[[#This Row],[AIQ]]),tblHistory[[#This Row],[AIQ]],SUMIFS(tblHistory[AIQ],tblHistory[Date],_xlfn.MAXIFS(tblHistory[Date],tblHistory[Date],"<"&tblHistory[[#This Row],[Date]],tblHistory[AIQ],"<>")))/_xlfn.MAXIFS(tblHistory[AIQ],tblHistory[Date],"<="&tblHistory[[#This Row],[Date]],tblHistory[Date],">="&tblHistory[[#This Row],[Date]]-730)-1)-Dashboard!$G$15)/(Dashboard!$H$15-Dashboard!$G$15))))) | N12: =IF(tblHistory[[#This Row],[Date]]-MIN(tblHistory[Date])<729,NA(),IF(IF(ISNUMBER(tblHistory[[#This Row],[DTCR]]),tblHistory[[#This Row],[DTCR]],SUMIFS(tblHistory[DTCR],tblHistory[Date],_xlfn.MAXIFS(tblHistory[Date],tblHistory[Date],"<"&tblHistory[[#This Row],[Date]],tblHistory[DTCR],"<>")))=0,0,MIN(1,MAX(0,((IF(ISNUMBER(tblHistory[[#This Row],[DTCR]]),tblHistory[[#This Row],[DTCR]],SUMIFS(tblHistory[DTCR],tblHistory[Date],_xlfn.MAXIFS(tblHistory[Date],tblHistory[Date],"<"&tblHistory[[#This Row],[Date]],tblHistory[DTCR],"<>")))/_xlfn.MAXIFS(tblHistory[DTCR],tblHistory[Date],"<="&tblHistory[[#This Row],[Date]],tblHistory[Date],">="&tblHistory[[#This Row],[Date]]-730)-1)-Dashboard!$G$16)/(Dashboard!$H$16-Dashboard!$G$16))))) | O12: =IF(tblHistory[[#This Row],[Date]]-MIN(tblHistory[Date])<729,NA(),MAX(MIN(1,MAX(0,(IF(ISNUMBER(tblHistory[[#This Row],[BBB]]),tblHistory[[#This Row],[BBB]],SUMIFS(tblHistory[BBB],tblHistory[Date],_xlfn.MAXIFS(tblHistory[Date],tblHistory[Date],"<"&tblHistory[[#This Row],[Date]],tblHistory[BBB],"<>")))-Dashboard!$G$17)/(Dashboard!$H$17-Dashboard!$G$17))),MIN(1,MAX(0,(IF(ISNUMBER(tblHistory[[#This Row],[BBB]]),tblHistory[[#This Row],[BBB]],SUMIFS(tblHistory[BBB],tblHistory[Date],_xlfn.MAXIFS(tblHistory[Date],tblHistory[Date],"<"&tblHistory[[#This Row],[Date]],tblHistory[BBB],"<>")))-_xlfn.MINIFS(tblHistory[BBB],tblHistory[Date],"<="&tblHistory[[#This Row],[Date]],tblHistory[Date],">="&tblHistory[[#This Row],[Date]]-365)-Dashboard!$L$17)/(Dashboard!$M$17-Dashboard!$L$17))))) | P12: =IF(tblHistory[[#This Row],[Date]]-MIN(tblHistory[Date])<729,NA(),MAX(MIN(1,MAX(0,(IF(ISNUMBER(tblHistory[[#This Row],[CCC]]),tblHistory[[#This Row],[CCC]],SUMIFS(tblHistory[CCC],tblHistory[Date],_xlfn.MAXIFS(tblHistory[Date],tblHistory[Date],"<"&tblHistory[[#This Row],[Date]],tblHistory[CCC],"<>")))-Dashboard!$G$18)/(Dashboard!$H$18-Dashboard!$G$18))),MIN(1,MAX(0,(IF(ISNUMBER(tblHistory[[#This Row],[CCC]]),tblHistory[[#This Row],[CCC]],SUMIFS(tblHistory[CCC],tblHistory[Date],_xlfn.MAXIFS(tblHistory[Date],tblHistory[Date],"<"&tblHistory[[#This Row],[Date]],tblHistory[CCC],"<>")))-_xlfn.MINIFS(tblHistory[CCC],tblHistory[Date],"<="&tblHistory[[#This Row],[Date]],tblHistory[Date],">="&tblHistory[[#This Row],[Date]]-365)-Dashboard!$L$18)/(Dashboard!$M$18-Dashboard!$L$18))))) | Q12: =IF(tblHistory[[#This Row],[Date]]-MIN(tblHistory[Date])<729,NA(),IF(IF(ISNUMBER(tblHistory[[#This Row],[BIZD]]),tblHistory[[#This Row],[BIZD]],SUMIFS(tblHistory[BIZD],tblHistory[Date],_xlfn.MAXIFS(tblHistory[Date],tblHistory[Date],"<"&tblHistory[[#This Row],[Date]],tblHistory[BIZD],"<>")))=0,0,MIN(1,MAX(0,((IF(ISNUMBER(tblHistory[[#This Row],[BIZD]]),tblHistory[[#This Row],[BIZD]],SUMIFS(tblHistory[BIZD],tblHistory[Date],_xlfn.MAXIFS(tblHistory[Date],tblHistory[Date],"<"&tblHistory[[#This Row],[Date]],tblHistory[BIZD],"<>")))/_xlfn.MAXIFS(tblHistory[BIZD],tblHistory[Date],"<="&tblHistory[[#This Row],[Date]],tblHistory[Date],">="&tblHistory[[#This Row],[Date]]-730)-1)-Dashboard!$G$19)/(Dashboard!$H$19-Dashboard!$G$19))))) | R12: =IF(tblHistory[[#This Row],[Date]]-MIN(tblHistory[Date])<729,NA(),IF(IF(ISNUMBER(tblHistory[[#This Row],[BKLN]]),tblHistory[[#This Row],[BKLN]],SUMIFS(tblHistory[BKLN],tblHistory[Date],_xlfn.MAXIFS(tblHistory[Date],tblHistory[Date],"<"&tblHistory[[#This Row],[Date]],tblHistory[BKLN],"<>")))=0,0,MIN(1,MAX(0,((IF(ISNUMBER(tblHistory[[#This Row],[BKLN]]),tblHistory[[#This Row],[BKLN]],SUMIFS(tblHistory[BKLN],tblHistory[Date],_xlfn.MAXIFS(tblHistory[Date],tblHistory[Date],"<"&tblHistory[[#This Row],[Date]],tblHistory[BKLN],"<>")))/_xlfn.MAXIFS(tblHistory[BKLN],tblHistory[Date],"<="&tblHistory[[#This Row],[Date]],tblHistory[Date],">="&tblHistory[[#This Row],[Date]]-730)-1)-Dashboard!$G$20)/(Dashboard!$H$20-Dashboard!$G$20))))) | S12: =IF(tblHistory[[#This Row],[Date]]-MIN(tblHistory[Date])<729,NA(),MAX(MIN(1,MAX(0,(IF(ISNUMBER(tblHistory[[#This Row],[HY]]),tblHistory[[#This Row],[HY]],SUMIFS(tblHistory[HY],tblHistory[Date],_xlfn.MAXIFS(tblHistory[Date],tblHistory[Date],"<"&tblHistory[[#This Row],[Date]],tblHistory[HY],"<>")))-Dashboard!$G$21)/(Dashboard!$H$21-Dashboard!$G$21))),MIN(1,MAX(0,(IF(ISNUMBER(tblHistory[[#This Row],[HY]]),tblHistory[[#This Row],[HY]],SUMIFS(tblHistory[HY],tblHistory[Date],_xlfn.MAXIFS(tblHistory[Date],tblHistory[Date],"<"&tblHistory[[#This Row],[Date]],tblHistory[HY],"<>")))-_xlfn.MINIFS(tblHistory[HY],tblHistory[Date],"<="&tblHistory[[#This Row],[Date]],tblHistory[Date],">="&tblHistory[[#This Row],[Date]]-365)-Dashboard!$L$21)/(Dashboard!$M$21-Dashboard!$L$21))))) | T12: =(Dashboard!$C$13*tblHistory[[#This Row],[NDX S]]+Dashboard!$C$14*tblHistory[[#This Row],[SOX S]]+Dashboard!$C$15*tblHistory[[#This Row],[AIQ S]])/(Dashboard!$C$13+Dashboard!$C$14+Dashboard!$C$15)*100 | U12: =(Dashboard!$C$16*tblHistory[[#This Row],[DTCR S]]+Dashboard!$C$17*tblHistory[[#This Row],[BBB S]]+Dashboard!$C$18*tblHistory[[#This Row],[CCC S]])/(Dashboard!$C$16+Dashboard!$C$17+Dashboard!$C$18)*100 | V12: =(Dashboard!$C$19*tblHistory[[#This Row],[BIZD S]]+Dashboard!$C$20*tblHistory[[#This Row],[BKLN S]]+Dashboard!$C$21*tblHistory[[#This Row],[HY S]])/(Dashboard!$C$19+Dashboard!$C$20+Dashboard!$C$21)*100 | W12: =ROUND((Dashboard!$C$13*tblHistory[[#This Row],[NDX S]]+Dashboard!$C$14*tblHistory[[#This Row],[SOX S]]+Dashboard!$C$15*tblHistory[[#This Row],[AIQ S]]+Dashboard!$C$16*tblHistory[[#This Row],[DTCR S]]+Dashboard!$C$17*tblHistory[[#This Row],[BBB S]]+Dashboard!$C$18*tblHistory[[#This Row],[CCC S]]+Dashboard!$C$19*tblHistory[[#This Row],[BIZD S]]+Dashboard!$C$20*tblHistory[[#This Row],[BKLN S]]+Dashboard!$C$21*tblHistory[[#This Row],[HY S]])/(Dashboard!$C$13+Dashboard!$C$14+Dashboard!$C$15+Dashboard!$C$16+Dashboard!$C$17+Dashboard!$C$18+Dashboard!$C$19+Dashboard!$C$20+Dashboard!$C$21)*100,0) | X12: =IFERROR(--(tblHistory[[#This Row],[Score]]>=50),0) | Y12: =IFERROR(--AND(tblHistory[[#This Row],[Score]]>=60,OR(AND(tblHistory[[#This Row],[BIZD S]]>=0.8,tblHistory[[#This Row],[BKLN S]]>=0.5),tblHistory[[#This Row],[CCC S]]>=0.8)),0) | Z12: =IFERROR(--AND(tblHistory[[#This Row],[Score]]>=70,tblHistory[[#This Row],[SOX S]]>=0.83,tblHistory[[#This Row],[AIQ S]]>=0.8),0) | AA12: =IFERROR(--AND(tblHistory[[#This Row],[Score]]>=75,tblHistory[[#This Row],[NDX S]]=1,OR(IF(ISNUMBER(tblHistory[[#This Row],[HY]]),tblHistory[[#This Row],[HY]],SUMIFS(tblHistory[HY],tblHistory[Date],_xlfn.MAXIFS(tblHistory[Date],tblHistory[Date],"<"&tblHistory[[#This Row],[Date]],tblHistory[HY],"<>")))>=500,tblHistory[[#This Row],[BIZD S]]=1)),0) | AB12: =IFERROR(--(COUNTIFS(tblHistory[Date],">="&tblHistory[[#This Row],[Date]],tblHistory[Date],"<="&_xlfn.AGGREGATE(15,6,tblHistory[Date]/(tblHistory[Date]>=tblHistory[[#This Row],[Date]]),5),tblHistory[L1],1)=5),0) | AC12: =IFERROR(--(COUNTIFS(tblHistory[Date],">="&tblHistory[[#This Row],[Date]],tblHistory[Date],"<="&_xlfn.AGGREGATE(15,6,tblHistory[Date]/(tblHistory[Date]>=tblHistory[[#This Row],[Date]]),5),tblHistory[L2],1)=5),0) | AD12: =IFERROR(--(COUNTIFS(tblHistory[Date],">="&tblHistory[[#This Row],[Date]],tblHistory[Date],"<="&_xlfn.AGGREGATE(15,6,tblHistory[Date]/(tblHistory[Date]>=tblHistory[[#This Row],[Date]]),5),tblHistory[L3],1)=5),0) | AE12: =IFERROR(--(COUNTIFS(tblHistory[Date],">="&tblHistory[[#This Row],[Date]],tblHistory[Date],"<="&_xlfn.AGGREGATE(15,6,tblHistory[Date]/(tblHistory[Date]>=tblHistory[[#This Row],[Date]]),5),tblHistory[L4],1)=5),0)
A13: 46309 | B13: 29950.82 | C13: 11684.38 | D13: 63.94 | E13: 26.29 | F13: 104 | G13: 1282 | H13: 12.02 | I13: 20.3141 | J13: 325 | K13: =IF(tblHistory[[#This Row],[Date]]-MIN(tblHistory[Date])<729,NA(),IF(IF(ISNUMBER(tblHistory[[#This Row],[NDX]]),tblHistory[[#This Row],[NDX]],SUMIFS(tblHistory[NDX],tblHistory[Date],_xlfn.MAXIFS(tblHistory[Date],tblHistory[Date],"<"&tblHistory[[#This Row],[Date]],tblHistory[NDX],"<>")))=0,0,MIN(1,MAX(0,((IF(ISNUMBER(tblHistory[[#This Row],[NDX]]),tblHistory[[#This Row],[NDX]],SUMIFS(tblHistory[NDX],tblHistory[Date],_xlfn.MAXIFS(tblHistory[Date],tblHistory[Date],"<"&tblHistory[[#This Row],[Date]],tblHistory[NDX],"<>")))/_xlfn.MAXIFS(tblHistory[NDX],tblHistory[Date],"<="&tblHistory[[#This Row],[Date]],tblHistory[Date],">="&tblHistory[[#This Row],[Date]]-730)-1)-Dashboard!$G$13)/(Dashboard!$H$13-Dashboard!$G$13))))) | L13: =IF(tblHistory[[#This Row],[Date]]-MIN(tblHistory[Date])<729,NA(),IF(IF(ISNUMBER(tblHistory[[#This Row],[SOX]]),tblHistory[[#This Row],[SOX]],SUMIFS(tblHistory[SOX],tblHistory[Date],_xlfn.MAXIFS(tblHistory[Date],tblHistory[Date],"<"&tblHistory[[#This Row],[Date]],tblHistory[SOX],"<>")))=0,0,MIN(1,MAX(0,((IF(ISNUMBER(tblHistory[[#This Row],[SOX]]),tblHistory[[#This Row],[SOX]],SUMIFS(tblHistory[SOX],tblHistory[Date],_xlfn.MAXIFS(tblHistory[Date],tblHistory[Date],"<"&tblHistory[[#This Row],[Date]],tblHistory[SOX],"<>")))/_xlfn.MAXIFS(tblHistory[SOX],tblHistory[Date],"<="&tblHistory[[#This Row],[Date]],tblHistory[Date],">="&tblHistory[[#This Row],[Date]]-730)-1)-Dashboard!$G$14)/(Dashboard!$H$14-Dashboard!$G$14))))) | M13: =IF(tblHistory[[#This Row],[Date]]-MIN(tblHistory[Date])<729,NA(),IF(IF(ISNUMBER(tblHistory[[#This Row],[AIQ]]),tblHistory[[#This Row],[AIQ]],SUMIFS(tblHistory[AIQ],tblHistory[Date],_xlfn.MAXIFS(tblHistory[Date],tblHistory[Date],"<"&tblHistory[[#This Row],[Date]],tblHistory[AIQ],"<>")))=0,0,MIN(1,MAX(0,((IF(ISNUMBER(tblHistory[[#This Row],[AIQ]]),tblHistory[[#This Row],[AIQ]],SUMIFS(tblHistory[AIQ],tblHistory[Date],_xlfn.MAXIFS(tblHistory[Date],tblHistory[Date],"<"&tblHistory[[#This Row],[Date]],tblHistory[AIQ],"<>")))/_xlfn.MAXIFS(tblHistory[AIQ],tblHistory[Date],"<="&tblHistory[[#This Row],[Date]],tblHistory[Date],">="&tblHistory[[#This Row],[Date]]-730)-1)-Dashboard!$G$15)/(Dashboard!$H$15-Dashboard!$G$15))))) | N13: =IF(tblHistory[[#This Row],[Date]]-MIN(tblHistory[Date])<729,NA(),IF(IF(ISNUMBER(tblHistory[[#This Row],[DTCR]]),tblHistory[[#This Row],[DTCR]],SUMIFS(tblHistory[DTCR],tblHistory[Date],_xlfn.MAXIFS(tblHistory[Date],tblHistory[Date],"<"&tblHistory[[#This Row],[Date]],tblHistory[DTCR],"<>")))=0,0,MIN(1,MAX(0,((IF(ISNUMBER(tblHistory[[#This Row],[DTCR]]),tblHistory[[#This Row],[DTCR]],SUMIFS(tblHistory[DTCR],tblHistory[Date],_xlfn.MAXIFS(tblHistory[Date],tblHistory[Date],"<"&tblHistory[[#This Row],[Date]],tblHistory[DTCR],"<>")))/_xlfn.MAXIFS(tblHistory[DTCR],tblHistory[Date],"<="&tblHistory[[#This Row],[Date]],tblHistory[Date],">="&tblHistory[[#This Row],[Date]]-730)-1)-Dashboard!$G$16)/(Dashboard!$H$16-Dashboard!$G$16))))) | O13: =IF(tblHistory[[#This Row],[Date]]-MIN(tblHistory[Date])<729,NA(),MAX(MIN(1,MAX(0,(IF(ISNUMBER(tblHistory[[#This Row],[BBB]]),tblHistory[[#This Row],[BBB]],SUMIFS(tblHistory[BBB],tblHistory[Date],_xlfn.MAXIFS(tblHistory[Date],tblHistory[Date],"<"&tblHistory[[#This Row],[Date]],tblHistory[BBB],"<>")))-Dashboard!$G$17)/(Dashboard!$H$17-Dashboard!$G$17))),MIN(1,MAX(0,(IF(ISNUMBER(tblHistory[[#This Row],[BBB]]),tblHistory[[#This Row],[BBB]],SUMIFS(tblHistory[BBB],tblHistory[Date],_xlfn.MAXIFS(tblHistory[Date],tblHistory[Date],"<"&tblHistory[[#This Row],[Date]],tblHistory[BBB],"<>")))-_xlfn.MINIFS(tblHistory[BBB],tblHistory[Date],"<="&tblHistory[[#This Row],[Date]],tblHistory[Date],">="&tblHistory[[#This Row],[Date]]-365)-Dashboard!$L$17)/(Dashboard!$M$17-Dashboard!$L$17))))) | P13: =IF(tblHistory[[#This Row],[Date]]-MIN(tblHistory[Date])<729,NA(),MAX(MIN(1,MAX(0,(IF(ISNUMBER(tblHistory[[#This Row],[CCC]]),tblHistory[[#This Row],[CCC]],SUMIFS(tblHistory[CCC],tblHistory[Date],_xlfn.MAXIFS(tblHistory[Date],tblHistory[Date],"<"&tblHistory[[#This Row],[Date]],tblHistory[CCC],"<>")))-Dashboard!$G$18)/(Dashboard!$H$18-Dashboard!$G$18))),MIN(1,MAX(0,(IF(ISNUMBER(tblHistory[[#This Row],[CCC]]),tblHistory[[#This Row],[CCC]],SUMIFS(tblHistory[CCC],tblHistory[Date],_xlfn.MAXIFS(tblHistory[Date],tblHistory[Date],"<"&tblHistory[[#This Row],[Date]],tblHistory[CCC],"<>")))-_xlfn.MINIFS(tblHistory[CCC],tblHistory[Date],"<="&tblHistory[[#This Row],[Date]],tblHistory[Date],">="&tblHistory[[#This Row],[Date]]-365)-Dashboard!$L$18)/(Dashboard!$M$18-Dashboard!$L$18))))) | Q13: =IF(tblHistory[[#This Row],[Date]]-MIN(tblHistory[Date])<729,NA(),IF(IF(ISNUMBER(tblHistory[[#This Row],[BIZD]]),tblHistory[[#This Row],[BIZD]],SUMIFS(tblHistory[BIZD],tblHistory[Date],_xlfn.MAXIFS(tblHistory[Date],tblHistory[Date],"<"&tblHistory[[#This Row],[Date]],tblHistory[BIZD],"<>")))=0,0,MIN(1,MAX(0,((IF(ISNUMBER(tblHistory[[#This Row],[BIZD]]),tblHistory[[#This Row],[BIZD]],SUMIFS(tblHistory[BIZD],tblHistory[Date],_xlfn.MAXIFS(tblHistory[Date],tblHistory[Date],"<"&tblHistory[[#This Row],[Date]],tblHistory[BIZD],"<>")))/_xlfn.MAXIFS(tblHistory[BIZD],tblHistory[Date],"<="&tblHistory[[#This Row],[Date]],tblHistory[Date],">="&tblHistory[[#This Row],[Date]]-730)-1)-Dashboard!$G$19)/(Dashboard!$H$19-Dashboard!$G$19))))) | R13: =IF(tblHistory[[#This Row],[Date]]-MIN(tblHistory[Date])<729,NA(),IF(IF(ISNUMBER(tblHistory[[#This Row],[BKLN]]),tblHistory[[#This Row],[BKLN]],SUMIFS(tblHistory[BKLN],tblHistory[Date],_xlfn.MAXIFS(tblHistory[Date],tblHistory[Date],"<"&tblHistory[[#This Row],[Date]],tblHistory[BKLN],"<>")))=0,0,MIN(1,MAX(0,((IF(ISNUMBER(tblHistory[[#This Row],[BKLN]]),tblHistory[[#This Row],[BKLN]],SUMIFS(tblHistory[BKLN],tblHistory[Date],_xlfn.MAXIFS(tblHistory[Date],tblHistory[Date],"<"&tblHistory[[#This Row],[Date]],tblHistory[BKLN],"<>")))/_xlfn.MAXIFS(tblHistory[BKLN],tblHistory[Date],"<="&tblHistory[[#This Row],[Date]],tblHistory[Date],">="&tblHistory[[#This Row],[Date]]-730)-1)-Dashboard!$G$20)/(Dashboard!$H$20-Dashboard!$G$20))))) | S13: =IF(tblHistory[[#This Row],[Date]]-MIN(tblHistory[Date])<729,NA(),MAX(MIN(1,MAX(0,(IF(ISNUMBER(tblHistory[[#This Row],[HY]]),tblHistory[[#This Row],[HY]],SUMIFS(tblHistory[HY],tblHistory[Date],_xlfn.MAXIFS(tblHistory[Date],tblHistory[Date],"<"&tblHistory[[#This Row],[Date]],tblHistory[HY],"<>")))-Dashboard!$G$21)/(Dashboard!$H$21-Dashboard!$G$21))),MIN(1,MAX(0,(IF(ISNUMBER(tblHistory[[#This Row],[HY]]),tblHistory[[#This Row],[HY]],SUMIFS(tblHistory[HY],tblHistory[Date],_xlfn.MAXIFS(tblHistory[Date],tblHistory[Date],"<"&tblHistory[[#This Row],[Date]],tblHistory[HY],"<>")))-_xlfn.MINIFS(tblHistory[HY],tblHistory[Date],"<="&tblHistory[[#This Row],[Date]],tblHistory[Date],">="&tblHistory[[#This Row],[Date]]-365)-Dashboard!$L$21)/(Dashboard!$M$21-Dashboard!$L$21))))) | T13: =(Dashboard!$C$13*tblHistory[[#This Row],[NDX S]]+Dashboard!$C$14*tblHistory[[#This Row],[SOX S]]+Dashboard!$C$15*tblHistory[[#This Row],[AIQ S]])/(Dashboard!$C$13+Dashboard!$C$14+Dashboard!$C$15)*100 | U13: =(Dashboard!$C$16*tblHistory[[#This Row],[DTCR S]]+Dashboard!$C$17*tblHistory[[#This Row],[BBB S]]+Dashboard!$C$18*tblHistory[[#This Row],[CCC S]])/(Dashboard!$C$16+Dashboard!$C$17+Dashboard!$C$18)*100 | V13: =(Dashboard!$C$19*tblHistory[[#This Row],[BIZD S]]+Dashboard!$C$20*tblHistory[[#This Row],[BKLN S]]+Dashboard!$C$21*tblHistory[[#This Row],[HY S]])/(Dashboard!$C$19+Dashboard!$C$20+Dashboard!$C$21)*100 | W13: =ROUND((Dashboard!$C$13*tblHistory[[#This Row],[NDX S]]+Dashboard!$C$14*tblHistory[[#This Row],[SOX S]]+Dashboard!$C$15*tblHistory[[#This Row],[AIQ S]]+Dashboard!$C$16*tblHistory[[#This Row],[DTCR S]]+Dashboard!$C$17*tblHistory[[#This Row],[BBB S]]+Dashboard!$C$18*tblHistory[[#This Row],[CCC S]]+Dashboard!$C$19*tblHistory[[#This Row],[BIZD S]]+Dashboard!$C$20*tblHistory[[#This Row],[BKLN S]]+Dashboard!$C$21*tblHistory[[#This Row],[HY S]])/(Dashboard!$C$13+Dashboard!$C$14+Dashboard!$C$15+Dashboard!$C$16+Dashboard!$C$17+Dashboard!$C$18+Dashboard!$C$19+Dashboard!$C$20+Dashboard!$C$21)*100,0) | X13: =IFERROR(--(tblHistory[[#This Row],[Score]]>=50),0) | Y13: =IFERROR(--AND(tblHistory[[#This Row],[Score]]>=60,OR(AND(tblHistory[[#This Row],[BIZD S]]>=0.8,tblHistory[[#This Row],[BKLN S]]>=0.5),tblHistory[[#This Row],[CCC S]]>=0.8)),0) | Z13: =IFERROR(--AND(tblHistory[[#This Row],[Score]]>=70,tblHistory[[#This Row],[SOX S]]>=0.83,tblHistory[[#This Row],[AIQ S]]>=0.8),0) | AA13: =IFERROR(--AND(tblHistory[[#This Row],[Score]]>=75,tblHistory[[#This Row],[NDX S]]=1,OR(IF(ISNUMBER(tblHistory[[#This Row],[HY]]),tblHistory[[#This Row],[HY]],SUMIFS(tblHistory[HY],tblHistory[Date],_xlfn.MAXIFS(tblHistory[Date],tblHistory[Date],"<"&tblHistory[[#This Row],[Date]],tblHistory[HY],"<>")))>=500,tblHistory[[#This Row],[BIZD S]]=1)),0) | AB13: =IFERROR(--(COUNTIFS(tblHistory[Date],">="&tblHistory[[#This Row],[Date]],tblHistory[Date],"<="&_xlfn.AGGREGATE(15,6,tblHistory[Date]/(tblHistory[Date]>=tblHistory[[#This Row],[Date]]),5),tblHistory[L1],1)=5),0) | AC13: =IFERROR(--(COUNTIFS(tblHistory[Date],">="&tblHistory[[#This Row],[Date]],tblHistory[Date],"<="&_xlfn.AGGREGATE(15,6,tblHistory[Date]/(tblHistory[Date]>=tblHistory[[#This Row],[Date]]),5),tblHistory[L2],1)=5),0) | AD13: =IFERROR(--(COUNTIFS(tblHistory[Date],">="&tblHistory[[#This Row],[Date]],tblHistory[Date],"<="&_xlfn.AGGREGATE(15,6,tblHistory[Date]/(tblHistory[Date]>=tblHistory[[#This Row],[Date]]),5),tblHistory[L3],1)=5),0) | AE13: =IFERROR(--(COUNTIFS(tblHistory[Date],">="&tblHistory[[#This Row],[Date]],tblHistory[Date],"<="&_xlfn.AGGREGATE(15,6,tblHistory[Date]/(tblHistory[Date]>=tblHistory[[#This Row],[Date]]),5),tblHistory[L4],1)=5),0)
A14: 46308 | B14: 30569.481 | C14: 12208.79 | D14: 65.85 | E14: 27.33 | F14: 103 | G14: 1267 | H14: 12.02 | I14: 20.3538 | J14: 316 | K14: =IF(tblHistory[[#This Row],[Date]]-MIN(tblHistory[Date])<729,NA(),IF(IF(ISNUMBER(tblHistory[[#This Row],[NDX]]),tblHistory[[#This Row],[NDX]],SUMIFS(tblHistory[NDX],tblHistory[Date],_xlfn.MAXIFS(tblHistory[Date],tblHistory[Date],"<"&tblHistory[[#This Row],[Date]],tblHistory[NDX],"<>")))=0,0,MIN(1,MAX(0,((IF(ISNUMBER(tblHistory[[#This Row],[NDX]]),tblHistory[[#This Row],[NDX]],SUMIFS(tblHistory[NDX],tblHistory[Date],_xlfn.MAXIFS(tblHistory[Date],tblHistory[Date],"<"&tblHistory[[#This Row],[Date]],tblHistory[NDX],"<>")))/_xlfn.MAXIFS(tblHistory[NDX],tblHistory[Date],"<="&tblHistory[[#This Row],[Date]],tblHistory[Date],">="&tblHistory[[#This Row],[Date]]-730)-1)-Dashboard!$G$13)/(Dashboard!$H$13-Dashboard!$G$13))))) | L14: =IF(tblHistory[[#This Row],[Date]]-MIN(tblHistory[Date])<729,NA(),IF(IF(ISNUMBER(tblHistory[[#This Row],[SOX]]),tblHistory[[#This Row],[SOX]],SUMIFS(tblHistory[SOX],tblHistory[Date],_xlfn.MAXIFS(tblHistory[Date],tblHistory[Date],"<"&tblHistory[[#This Row],[Date]],tblHistory[SOX],"<>")))=0,0,MIN(1,MAX(0,((IF(ISNUMBER(tblHistory[[#This Row],[SOX]]),tblHistory[[#This Row],[SOX]],SUMIFS(tblHistory[SOX],tblHistory[Date],_xlfn.MAXIFS(tblHistory[Date],tblHistory[Date],"<"&tblHistory[[#This Row],[Date]],tblHistory[SOX],"<>")))/_xlfn.MAXIFS(tblHistory[SOX],tblHistory[Date],"<="&tblHistory[[#This Row],[Date]],tblHistory[Date],">="&tblHistory[[#This Row],[Date]]-730)-1)-Dashboard!$G$14)/(Dashboard!$H$14-Dashboard!$G$14))))) | M14: =IF(tblHistory[[#This Row],[Date]]-MIN(tblHistory[Date])<729,NA(),IF(IF(ISNUMBER(tblHistory[[#This Row],[AIQ]]),tblHistory[[#This Row],[AIQ]],SUMIFS(tblHistory[AIQ],tblHistory[Date],_xlfn.MAXIFS(tblHistory[Date],tblHistory[Date],"<"&tblHistory[[#This Row],[Date]],tblHistory[AIQ],"<>")))=0,0,MIN(1,MAX(0,((IF(ISNUMBER(tblHistory[[#This Row],[AIQ]]),tblHistory[[#This Row],[AIQ]],SUMIFS(tblHistory[AIQ],tblHistory[Date],_xlfn.MAXIFS(tblHistory[Date],tblHistory[Date],"<"&tblHistory[[#This Row],[Date]],tblHistory[AIQ],"<>")))/_xlfn.MAXIFS(tblHistory[AIQ],tblHistory[Date],"<="&tblHistory[[#This Row],[Date]],tblHistory[Date],">="&tblHistory[[#This Row],[Date]]-730)-1)-Dashboard!$G$15)/(Dashboard!$H$15-Dashboard!$G$15))))) | N14: =IF(tblHistory[[#This Row],[Date]]-MIN(tblHistory[Date])<729,NA(),IF(IF(ISNUMBER(tblHistory[[#This Row],[DTCR]]),tblHistory[[#This Row],[DTCR]],SUMIFS(tblHistory[DTCR],tblHistory[Date],_xlfn.MAXIFS(tblHistory[Date],tblHistory[Date],"<"&tblHistory[[#This Row],[Date]],tblHistory[DTCR],"<>")))=0,0,MIN(1,MAX(0,((IF(ISNUMBER(tblHistory[[#This Row],[DTCR]]),tblHistory[[#This Row],[DTCR]],SUMIFS(tblHistory[DTCR],tblHistory[Date],_xlfn.MAXIFS(tblHistory[Date],tblHistory[Date],"<"&tblHistory[[#This Row],[Date]],tblHistory[DTCR],"<>")))/_xlfn.MAXIFS(tblHistory[DTCR],tblHistory[Date],"<="&tblHistory[[#This Row],[Date]],tblHistory[Date],">="&tblHistory[[#This Row],[Date]]-730)-1)-Dashboard!$G$16)/(Dashboard!$H$16-Dashboard!$G$16))))) | O14: =IF(tblHistory[[#This Row],[Date]]-MIN(tblHistory[Date])<729,NA(),MAX(MIN(1,MAX(0,(IF(ISNUMBER(tblHistory[[#This Row],[BBB]]),tblHistory[[#This Row],[BBB]],SUMIFS(tblHistory[BBB],tblHistory[Date],_xlfn.MAXIFS(tblHistory[Date],tblHistory[Date],"<"&tblHistory[[#This Row],[Date]],tblHistory[BBB],"<>")))-Dashboard!$G$17)/(Dashboard!$H$17-Dashboard!$G$17))),MIN(1,MAX(0,(IF(ISNUMBER(tblHistory[[#This Row],[BBB]]),tblHistory[[#This Row],[BBB]],SUMIFS(tblHistory[BBB],tblHistory[Date],_xlfn.MAXIFS(tblHistory[Date],tblHistory[Date],"<"&tblHistory[[#This Row],[Date]],tblHistory[BBB],"<>")))-_xlfn.MINIFS(tblHistory[BBB],tblHistory[Date],"<="&tblHistory[[#This Row],[Date]],tblHistory[Date],">="&tblHistory[[#This Row],[Date]]-365)-Dashboard!$L$17)/(Dashboard!$M$17-Dashboard!$L$17))))) | P14: =IF(tblHistory[[#This Row],[Date]]-MIN(tblHistory[Date])<729,NA(),MAX(MIN(1,MAX(0,(IF(ISNUMBER(tblHistory[[#This Row],[CCC]]),tblHistory[[#This Row],[CCC]],SUMIFS(tblHistory[CCC],tblHistory[Date],_xlfn.MAXIFS(tblHistory[Date],tblHistory[Date],"<"&tblHistory[[#This Row],[Date]],tblHistory[CCC],"<>")))-Dashboard!$G$18)/(Dashboard!$H$18-Dashboard!$G$18))),MIN(1,MAX(0,(IF(ISNUMBER(tblHistory[[#This Row],[CCC]]),tblHistory[[#This Row],[CCC]],SUMIFS(tblHistory[CCC],tblHistory[Date],_xlfn.MAXIFS(tblHistory[Date],tblHistory[Date],"<"&tblHistory[[#This Row],[Date]],tblHistory[CCC],"<>")))-_xlfn.MINIFS(tblHistory[CCC],tblHistory[Date],"<="&tblHistory[[#This Row],[Date]],tblHistory[Date],">="&tblHistory[[#This Row],[Date]]-365)-Dashboard!$L$18)/(Dashboard!$M$18-Dashboard!$L$18))))) | Q14: =IF(tblHistory[[#This Row],[Date]]-MIN(tblHistory[Date])<729,NA(),IF(IF(ISNUMBER(tblHistory[[#This Row],[BIZD]]),tblHistory[[#This Row],[BIZD]],SUMIFS(tblHistory[BIZD],tblHistory[Date],_xlfn.MAXIFS(tblHistory[Date],tblHistory[Date],"<"&tblHistory[[#This Row],[Date]],tblHistory[BIZD],"<>")))=0,0,MIN(1,MAX(0,((IF(ISNUMBER(tblHistory[[#This Row],[BIZD]]),tblHistory[[#This Row],[BIZD]],SUMIFS(tblHistory[BIZD],tblHistory[Date],_xlfn.MAXIFS(tblHistory[Date],tblHistory[Date],"<"&tblHistory[[#This Row],[Date]],tblHistory[BIZD],"<>")))/_xlfn.MAXIFS(tblHistory[BIZD],tblHistory[Date],"<="&tblHistory[[#This Row],[Date]],tblHistory[Date],">="&tblHistory[[#This Row],[Date]]-730)-1)-Dashboard!$G$19)/(Dashboard!$H$19-Dashboard!$G$19))))) | R14: =IF(tblHistory[[#This Row],[Date]]-MIN(tblHistory[Date])<729,NA(),IF(IF(ISNUMBER(tblHistory[[#This Row],[BKLN]]),tblHistory[[#This Row],[BKLN]],SUMIFS(tblHistory[BKLN],tblHistory[Date],_xlfn.MAXIFS(tblHistory[Date],tblHistory[Date],"<"&tblHistory[[#This Row],[Date]],tblHistory[BKLN],"<>")))=0,0,MIN(1,MAX(0,((IF(ISNUMBER(tblHistory[[#This Row],[BKLN]]),tblHistory[[#This Row],[BKLN]],SUMIFS(tblHistory[BKLN],tblHistory[Date],_xlfn.MAXIFS(tblHistory[Date],tblHistory[Date],"<"&tblHistory[[#This Row],[Date]],tblHistory[BKLN],"<>")))/_xlfn.MAXIFS(tblHistory[BKLN],tblHistory[Date],"<="&tblHistory[[#This Row],[Date]],tblHistory[Date],">="&tblHistory[[#This Row],[Date]]-730)-1)-Dashboard!$G$20)/(Dashboard!$H$20-Dashboard!$G$20))))) | S14: =IF(tblHistory[[#This Row],[Date]]-MIN(tblHistory[Date])<729,NA(),MAX(MIN(1,MAX(0,(IF(ISNUMBER(tblHistory[[#This Row],[HY]]),tblHistory[[#This Row],[HY]],SUMIFS(tblHistory[HY],tblHistory[Date],_xlfn.MAXIFS(tblHistory[Date],tblHistory[Date],"<"&tblHistory[[#This Row],[Date]],tblHistory[HY],"<>")))-Dashboard!$G$21)/(Dashboard!$H$21-Dashboard!$G$21))),MIN(1,MAX(0,(IF(ISNUMBER(tblHistory[[#This Row],[HY]]),tblHistory[[#This Row],[HY]],SUMIFS(tblHistory[HY],tblHistory[Date],_xlfn.MAXIFS(tblHistory[Date],tblHistory[Date],"<"&tblHistory[[#This Row],[Date]],tblHistory[HY],"<>")))-_xlfn.MINIFS(tblHistory[HY],tblHistory[Date],"<="&tblHistory[[#This Row],[Date]],tblHistory[Date],">="&tblHistory[[#This Row],[Date]]-365)-Dashboard!$L$21)/(Dashboard!$M$21-Dashboard!$L$21))))) | T14: =(Dashboard!$C$13*tblHistory[[#This Row],[NDX S]]+Dashboard!$C$14*tblHistory[[#This Row],[SOX S]]+Dashboard!$C$15*tblHistory[[#This Row],[AIQ S]])/(Dashboard!$C$13+Dashboard!$C$14+Dashboard!$C$15)*100 | U14: =(Dashboard!$C$16*tblHistory[[#This Row],[DTCR S]]+Dashboard!$C$17*tblHistory[[#This Row],[BBB S]]+Dashboard!$C$18*tblHistory[[#This Row],[CCC S]])/(Dashboard!$C$16+Dashboard!$C$17+Dashboard!$C$18)*100 | V14: =(Dashboard!$C$19*tblHistory[[#This Row],[BIZD S]]+Dashboard!$C$20*tblHistory[[#This Row],[BKLN S]]+Dashboard!$C$21*tblHistory[[#This Row],[HY S]])/(Dashboard!$C$19+Dashboard!$C$20+Dashboard!$C$21)*100 | W14: =ROUND((Dashboard!$C$13*tblHistory[[#This Row],[NDX S]]+Dashboard!$C$14*tblHistory[[#This Row],[SOX S]]+Dashboard!$C$15*tblHistory[[#This Row],[AIQ S]]+Dashboard!$C$16*tblHistory[[#This Row],[DTCR S]]+Dashboard!$C$17*tblHistory[[#This Row],[BBB S]]+Dashboard!$C$18*tblHistory[[#This Row],[CCC S]]+Dashboard!$C$19*tblHistory[[#This Row],[BIZD S]]+Dashboard!$C$20*tblHistory[[#This Row],[BKLN S]]+Dashboard!$C$21*tblHistory[[#This Row],[HY S]])/(Dashboard!$C$13+Dashboard!$C$14+Dashboard!$C$15+Dashboard!$C$16+Dashboard!$C$17+Dashboard!$C$18+Dashboard!$C$19+Dashboard!$C$20+Dashboard!$C$21)*100,0) | X14: =IFERROR(--(tblHistory[[#This Row],[Score]]>=50),0) | Y14: =IFERROR(--AND(tblHistory[[#This Row],[Score]]>=60,OR(AND(tblHistory[[#This Row],[BIZD S]]>=0.8,tblHistory[[#This Row],[BKLN S]]>=0.5),tblHistory[[#This Row],[CCC S]]>=0.8)),0) | Z14: =IFERROR(--AND(tblHistory[[#This Row],[Score]]>=70,tblHistory[[#This Row],[SOX S]]>=0.83,tblHistory[[#This Row],[AIQ S]]>=0.8),0) | AA14: =IFERROR(--AND(tblHistory[[#This Row],[Score]]>=75,tblHistory[[#This Row],[NDX S]]=1,OR(IF(ISNUMBER(tblHistory[[#This Row],[HY]]),tblHistory[[#This Row],[HY]],SUMIFS(tblHistory[HY],tblHistory[Date],_xlfn.MAXIFS(tblHistory[Date],tblHistory[Date],"<"&tblHistory[[#This Row],[Date]],tblHistory[HY],"<>")))>=500,tblHistory[[#This Row],[BIZD S]]=1)),0) | AB14: =IFERROR(--(COUNTIFS(tblHistory[Date],">="&tblHistory[[#This Row],[Date]],tblHistory[Date],"<="&_xlfn.AGGREGATE(15,6,tblHistory[Date]/(tblHistory[Date]>=tblHistory[[#This Row],[Date]]),5),tblHistory[L1],1)=5),0) | AC14: =IFERROR(--(COUNTIFS(tblHistory[Date],">="&tblHistory[[#This Row],[Date]],tblHistory[Date],"<="&_xlfn.AGGREGATE(15,6,tblHistory[Date]/(tblHistory[Date]>=tblHistory[[#This Row],[Date]]),5),tblHistory[L2],1)=5),0) | AD14: =IFERROR(--(COUNTIFS(tblHistory[Date],">="&tblHistory[[#This Row],[Date]],tblHistory[Date],"<="&_xlfn.AGGREGATE(15,6,tblHistory[Date]/(tblHistory[Date]>=tblHistory[[#This Row],[Date]]),5),tblHistory[L3],1)=5),0) | AE14: =IFERROR(--(COUNTIFS(tblHistory[Date],">="&tblHistory[[#This Row],[Date]],tblHistory[Date],"<="&_xlfn.AGGREGATE(15,6,tblHistory[Date]/(tblHistory[Date]>=tblHistory[[#This Row],[Date]]),5),tblHistory[L4],1)=5),0)
A15: 46307 | B15: 30664.699 | C15: 12236.79 | D15: 65.92 | E15: 27.73 | F15: 102 | G15: 1253 | H15: 12.1 | I15: 20.3638 | J15: 311 | K15: =IF(tblHistory[[#This Row],[Date]]-MIN(tblHistory[Date])<729,NA(),IF(IF(ISNUMBER(tblHistory[[#This Row],[NDX]]),tblHistory[[#This Row],[NDX]],SUMIFS(tblHistory[NDX],tblHistory[Date],_xlfn.MAXIFS(tblHistory[Date],tblHistory[Date],"<"&tblHistory[[#This Row],[Date]],tblHistory[NDX],"<>")))=0,0,MIN(1,MAX(0,((IF(ISNUMBER(tblHistory[[#This Row],[NDX]]),tblHistory[[#This Row],[NDX]],SUMIFS(tblHistory[NDX],tblHistory[Date],_xlfn.MAXIFS(tblHistory[Date],tblHistory[Date],"<"&tblHistory[[#This Row],[Date]],tblHistory[NDX],"<>")))/_xlfn.MAXIFS(tblHistory[NDX],tblHistory[Date],"<="&tblHistory[[#This Row],[Date]],tblHistory[Date],">="&tblHistory[[#This Row],[Date]]-730)-1)-Dashboard!$G$13)/(Dashboard!$H$13-Dashboard!$G$13))))) | L15: =IF(tblHistory[[#This Row],[Date]]-MIN(tblHistory[Date])<729,NA(),IF(IF(ISNUMBER(tblHistory[[#This Row],[SOX]]),tblHistory[[#This Row],[SOX]],SUMIFS(tblHistory[SOX],tblHistory[Date],_xlfn.MAXIFS(tblHistory[Date],tblHistory[Date],"<"&tblHistory[[#This Row],[Date]],tblHistory[SOX],"<>")))=0,0,MIN(1,MAX(0,((IF(ISNUMBER(tblHistory[[#This Row],[SOX]]),tblHistory[[#This Row],[SOX]],SUMIFS(tblHistory[SOX],tblHistory[Date],_xlfn.MAXIFS(tblHistory[Date],tblHistory[Date],"<"&tblHistory[[#This Row],[Date]],tblHistory[SOX],"<>")))/_xlfn.MAXIFS(tblHistory[SOX],tblHistory[Date],"<="&tblHistory[[#This Row],[Date]],tblHistory[Date],">="&tblHistory[[#This Row],[Date]]-730)-1)-Dashboard!$G$14)/(Dashboard!$H$14-Dashboard!$G$14))))) | M15: =IF(tblHistory[[#This Row],[Date]]-MIN(tblHistory[Date])<729,NA(),IF(IF(ISNUMBER(tblHistory[[#This Row],[AIQ]]),tblHistory[[#This Row],[AIQ]],SUMIFS(tblHistory[AIQ],tblHistory[Date],_xlfn.MAXIFS(tblHistory[Date],tblHistory[Date],"<"&tblHistory[[#This Row],[Date]],tblHistory[AIQ],"<>")))=0,0,MIN(1,MAX(0,((IF(ISNUMBER(tblHistory[[#This Row],[AIQ]]),tblHistory[[#This Row],[AIQ]],SUMIFS(tblHistory[AIQ],tblHistory[Date],_xlfn.MAXIFS(tblHistory[Date],tblHistory[Date],"<"&tblHistory[[#This Row],[Date]],tblHistory[AIQ],"<>")))/_xlfn.MAXIFS(tblHistory[AIQ],tblHistory[Date],"<="&tblHistory[[#This Row],[Date]],tblHistory[Date],">="&tblHistory[[#This Row],[Date]]-730)-1)-Dashboard!$G$15)/(Dashboard!$H$15-Dashboard!$G$15))))) | N15: =IF(tblHistory[[#This Row],[Date]]-MIN(tblHistory[Date])<729,NA(),IF(IF(ISNUMBER(tblHistory[[#This Row],[DTCR]]),tblHistory[[#This Row],[DTCR]],SUMIFS(tblHistory[DTCR],tblHistory[Date],_xlfn.MAXIFS(tblHistory[Date],tblHistory[Date],"<"&tblHistory[[#This Row],[Date]],tblHistory[DTCR],"<>")))=0,0,MIN(1,MAX(0,((IF(ISNUMBER(tblHistory[[#This Row],[DTCR]]),tblHistory[[#This Row],[DTCR]],SUMIFS(tblHistory[DTCR],tblHistory[Date],_xlfn.MAXIFS(tblHistory[Date],tblHistory[Date],"<"&tblHistory[[#This Row],[Date]],tblHistory[DTCR],"<>")))/_xlfn.MAXIFS(tblHistory[DTCR],tblHistory[Date],"<="&tblHistory[[#This Row],[Date]],tblHistory[Date],">="&tblHistory[[#This Row],[Date]]-730)-1)-Dashboard!$G$16)/(Dashboard!$H$16-Dashboard!$G$16))))) | O15: =IF(tblHistory[[#This Row],[Date]]-MIN(tblHistory[Date])<729,NA(),MAX(MIN(1,MAX(0,(IF(ISNUMBER(tblHistory[[#This Row],[BBB]]),tblHistory[[#This Row],[BBB]],SUMIFS(tblHistory[BBB],tblHistory[Date],_xlfn.MAXIFS(tblHistory[Date],tblHistory[Date],"<"&tblHistory[[#This Row],[Date]],tblHistory[BBB],"<>")))-Dashboard!$G$17)/(Dashboard!$H$17-Dashboard!$G$17))),MIN(1,MAX(0,(IF(ISNUMBER(tblHistory[[#This Row],[BBB]]),tblHistory[[#This Row],[BBB]],SUMIFS(tblHistory[BBB],tblHistory[Date],_xlfn.MAXIFS(tblHistory[Date],tblHistory[Date],"<"&tblHistory[[#This Row],[Date]],tblHistory[BBB],"<>")))-_xlfn.MINIFS(tblHistory[BBB],tblHistory[Date],"<="&tblHistory[[#This Row],[Date]],tblHistory[Date],">="&tblHistory[[#This Row],[Date]]-365)-Dashboard!$L$17)/(Dashboard!$M$17-Dashboard!$L$17))))) | P15: =IF(tblHistory[[#This Row],[Date]]-MIN(tblHistory[Date])<729,NA(),MAX(MIN(1,MAX(0,(IF(ISNUMBER(tblHistory[[#This Row],[CCC]]),tblHistory[[#This Row],[CCC]],SUMIFS(tblHistory[CCC],tblHistory[Date],_xlfn.MAXIFS(tblHistory[Date],tblHistory[Date],"<"&tblHistory[[#This Row],[Date]],tblHistory[CCC],"<>")))-Dashboard!$G$18)/(Dashboard!$H$18-Dashboard!$G$18))),MIN(1,MAX(0,(IF(ISNUMBER(tblHistory[[#This Row],[CCC]]),tblHistory[[#This Row],[CCC]],SUMIFS(tblHistory[CCC],tblHistory[Date],_xlfn.MAXIFS(tblHistory[Date],tblHistory[Date],"<"&tblHistory[[#This Row],[Date]],tblHistory[CCC],"<>")))-_xlfn.MINIFS(tblHistory[CCC],tblHistory[Date],"<="&tblHistory[[#This Row],[Date]],tblHistory[Date],">="&tblHistory[[#This Row],[Date]]-365)-Dashboard!$L$18)/(Dashboard!$M$18-Dashboard!$L$18))))) | Q15: =IF(tblHistory[[#This Row],[Date]]-MIN(tblHistory[Date])<729,NA(),IF(IF(ISNUMBER(tblHistory[[#This Row],[BIZD]]),tblHistory[[#This Row],[BIZD]],SUMIFS(tblHistory[BIZD],tblHistory[Date],_xlfn.MAXIFS(tblHistory[Date],tblHistory[Date],"<"&tblHistory[[#This Row],[Date]],tblHistory[BIZD],"<>")))=0,0,MIN(1,MAX(0,((IF(ISNUMBER(tblHistory[[#This Row],[BIZD]]),tblHistory[[#This Row],[BIZD]],SUMIFS(tblHistory[BIZD],tblHistory[Date],_xlfn.MAXIFS(tblHistory[Date],tblHistory[Date],"<"&tblHistory[[#This Row],[Date]],tblHistory[BIZD],"<>")))/_xlfn.MAXIFS(tblHistory[BIZD],tblHistory[Date],"<="&tblHistory[[#This Row],[Date]],tblHistory[Date],">="&tblHistory[[#This Row],[Date]]-730)-1)-Dashboard!$G$19)/(Dashboard!$H$19-Dashboard!$G$19))))) | R15: =IF(tblHistory[[#This Row],[Date]]-MIN(tblHistory[Date])<729,NA(),IF(IF(ISNUMBER(tblHistory[[#This Row],[BKLN]]),tblHistory[[#This Row],[BKLN]],SUMIFS(tblHistory[BKLN],tblHistory[Date],_xlfn.MAXIFS(tblHistory[Date],tblHistory[Date],"<"&tblHistory[[#This Row],[Date]],tblHistory[BKLN],"<>")))=0,0,MIN(1,MAX(0,((IF(ISNUMBER(tblHistory[[#This Row],[BKLN]]),tblHistory[[#This Row],[BKLN]],SUMIFS(tblHistory[BKLN],tblHistory[Date],_xlfn.MAXIFS(tblHistory[Date],tblHistory[Date],"<"&tblHistory[[#This Row],[Date]],tblHistory[BKLN],"<>")))/_xlfn.MAXIFS(tblHistory[BKLN],tblHistory[Date],"<="&tblHistory[[#This Row],[Date]],tblHistory[Date],">="&tblHistory[[#This Row],[Date]]-730)-1)-Dashboard!$G$20)/(Dashboard!$H$20-Dashboard!$G$20))))) | S15: =IF(tblHistory[[#This Row],[Date]]-MIN(tblHistory[Date])<729,NA(),MAX(MIN(1,MAX(0,(IF(ISNUMBER(tblHistory[[#This Row],[HY]]),tblHistory[[#This Row],[HY]],SUMIFS(tblHistory[HY],tblHistory[Date],_xlfn.MAXIFS(tblHistory[Date],tblHistory[Date],"<"&tblHistory[[#This Row],[Date]],tblHistory[HY],"<>")))-Dashboard!$G$21)/(Dashboard!$H$21-Dashboard!$G$21))),MIN(1,MAX(0,(IF(ISNUMBER(tblHistory[[#This Row],[HY]]),tblHistory[[#This Row],[HY]],SUMIFS(tblHistory[HY],tblHistory[Date],_xlfn.MAXIFS(tblHistory[Date],tblHistory[Date],"<"&tblHistory[[#This Row],[Date]],tblHistory[HY],"<>")))-_xlfn.MINIFS(tblHistory[HY],tblHistory[Date],"<="&tblHistory[[#This Row],[Date]],tblHistory[Date],">="&tblHistory[[#This Row],[Date]]-365)-Dashboard!$L$21)/(Dashboard!$M$21-Dashboard!$L$21))))) | T15: =(Dashboard!$C$13*tblHistory[[#This Row],[NDX S]]+Dashboard!$C$14*tblHistory[[#This Row],[SOX S]]+Dashboard!$C$15*tblHistory[[#This Row],[AIQ S]])/(Dashboard!$C$13+Dashboard!$C$14+Dashboard!$C$15)*100 | U15: =(Dashboard!$C$16*tblHistory[[#This Row],[DTCR S]]+Dashboard!$C$17*tblHistory[[#This Row],[BBB S]]+Dashboard!$C$18*tblHistory[[#This Row],[CCC S]])/(Dashboard!$C$16+Dashboard!$C$17+Dashboard!$C$18)*100 | V15: =(Dashboard!$C$19*tblHistory[[#This Row],[BIZD S]]+Dashboard!$C$20*tblHistory[[#This Row],[BKLN S]]+Dashboard!$C$21*tblHistory[[#This Row],[HY S]])/(Dashboard!$C$19+Dashboard!$C$20+Dashboard!$C$21)*100 | W15: =ROUND((Dashboard!$C$13*tblHistory[[#This Row],[NDX S]]+Dashboard!$C$14*tblHistory[[#This Row],[SOX S]]+Dashboard!$C$15*tblHistory[[#This Row],[AIQ S]]+Dashboard!$C$16*tblHistory[[#This Row],[DTCR S]]+Dashboard!$C$17*tblHistory[[#This Row],[BBB S]]+Dashboard!$C$18*tblHistory[[#This Row],[CCC S]]+Dashboard!$C$19*tblHistory[[#This Row],[BIZD S]]+Dashboard!$C$20*tblHistory[[#This Row],[BKLN S]]+Dashboard!$C$21*tblHistory[[#This Row],[HY S]])/(Dashboard!$C$13+Dashboard!$C$14+Dashboard!$C$15+Dashboard!$C$16+Dashboard!$C$17+Dashboard!$C$18+Dashboard!$C$19+Dashboard!$C$20+Dashboard!$C$21)*100,0) | X15: =IFERROR(--(tblHistory[[#This Row],[Score]]>=50),0) | Y15: =IFERROR(--AND(tblHistory[[#This Row],[Score]]>=60,OR(AND(tblHistory[[#This Row],[BIZD S]]>=0.8,tblHistory[[#This Row],[BKLN S]]>=0.5),tblHistory[[#This Row],[CCC S]]>=0.8)),0) | Z15: =IFERROR(--AND(tblHistory[[#This Row],[Score]]>=70,tblHistory[[#This Row],[SOX S]]>=0.83,tblHistory[[#This Row],[AIQ S]]>=0.8),0) | AA15: =IFERROR(--AND(tblHistory[[#This Row],[Score]]>=75,tblHistory[[#This Row],[NDX S]]=1,OR(IF(ISNUMBER(tblHistory[[#This Row],[HY]]),tblHistory[[#This Row],[HY]],SUMIFS(tblHistory[HY],tblHistory[Date],_xlfn.MAXIFS(tblHistory[Date],tblHistory[Date],"<"&tblHistory[[#This Row],[Date]],tblHistory[HY],"<>")))>=500,tblHistory[[#This Row],[BIZD S]]=1)),0) | AB15: =IFERROR(--(COUNTIFS(tblHistory[Date],">="&tblHistory[[#This Row],[Date]],tblHistory[Date],"<="&_xlfn.AGGREGATE(15,6,tblHistory[Date]/(tblHistory[Date]>=tblHistory[[#This Row],[Date]]),5),tblHistory[L1],1)=5),0) | AC15: =IFERROR(--(COUNTIFS(tblHistory[Date],">="&tblHistory[[#This Row],[Date]],tblHistory[Date],"<="&_xlfn.AGGREGATE(15,6,tblHistory[Date]/(tblHistory[Date]>=tblHistory[[#This Row],[Date]]),5),tblHistory[L2],1)=5),0) | AD15: =IFERROR(--(COUNTIFS(tblHistory[Date],">="&tblHistory[[#This Row],[Date]],tblHistory[Date],"<="&_xlfn.AGGREGATE(15,6,tblHistory[Date]/(tblHistory[Date]>=tblHistory[[#This Row],[Date]]),5),tblHistory[L3],1)=5),0) | AE15: =IFERROR(--(COUNTIFS(tblHistory[Date],">="&tblHistory[[#This Row],[Date]],tblHistory[Date],"<="&_xlfn.AGGREGATE(15,6,tblHistory[Date]/(tblHistory[Date]>=tblHistory[[#This Row],[Date]]),5),tblHistory[L4],1)=5),0)
A16: 46304 | B16: 30883.15 | C16: 12572.42 | D16: 66.6 | E16: 27.97 | F16: 102 | G16: 1253 | H16: 12.08 | I16: 20.3538 | J16: 311 | K16: =IF(tblHistory[[#This Row],[Date]]-MIN(tblHistory[Date])<729,NA(),IF(IF(ISNUMBER(tblHistory[[#This Row],[NDX]]),tblHistory[[#This Row],[NDX]],SUMIFS(tblHistory[NDX],tblHistory[Date],_xlfn.MAXIFS(tblHistory[Date],tblHistory[Date],"<"&tblHistory[[#This Row],[Date]],tblHistory[NDX],"<>")))=0,0,MIN(1,MAX(0,((IF(ISNUMBER(tblHistory[[#This Row],[NDX]]),tblHistory[[#This Row],[NDX]],SUMIFS(tblHistory[NDX],tblHistory[Date],_xlfn.MAXIFS(tblHistory[Date],tblHistory[Date],"<"&tblHistory[[#This Row],[Date]],tblHistory[NDX],"<>")))/_xlfn.MAXIFS(tblHistory[NDX],tblHistory[Date],"<="&tblHistory[[#This Row],[Date]],tblHistory[Date],">="&tblHistory[[#This Row],[Date]]-730)-1)-Dashboard!$G$13)/(Dashboard!$H$13-Dashboard!$G$13))))) | L16: =IF(tblHistory[[#This Row],[Date]]-MIN(tblHistory[Date])<729,NA(),IF(IF(ISNUMBER(tblHistory[[#This Row],[SOX]]),tblHistory[[#This Row],[SOX]],SUMIFS(tblHistory[SOX],tblHistory[Date],_xlfn.MAXIFS(tblHistory[Date],tblHistory[Date],"<"&tblHistory[[#This Row],[Date]],tblHistory[SOX],"<>")))=0,0,MIN(1,MAX(0,((IF(ISNUMBER(tblHistory[[#This Row],[SOX]]),tblHistory[[#This Row],[SOX]],SUMIFS(tblHistory[SOX],tblHistory[Date],_xlfn.MAXIFS(tblHistory[Date],tblHistory[Date],"<"&tblHistory[[#This Row],[Date]],tblHistory[SOX],"<>")))/_xlfn.MAXIFS(tblHistory[SOX],tblHistory[Date],"<="&tblHistory[[#This Row],[Date]],tblHistory[Date],">="&tblHistory[[#This Row],[Date]]-730)-1)-Dashboard!$G$14)/(Dashboard!$H$14-Dashboard!$G$14))))) | M16: =IF(tblHistory[[#This Row],[Date]]-MIN(tblHistory[Date])<729,NA(),IF(IF(ISNUMBER(tblHistory[[#This Row],[AIQ]]),tblHistory[[#This Row],[AIQ]],SUMIFS(tblHistory[AIQ],tblHistory[Date],_xlfn.MAXIFS(tblHistory[Date],tblHistory[Date],"<"&tblHistory[[#This Row],[Date]],tblHistory[AIQ],"<>")))=0,0,MIN(1,MAX(0,((IF(ISNUMBER(tblHistory[[#This Row],[AIQ]]),tblHistory[[#This Row],[AIQ]],SUMIFS(tblHistory[AIQ],tblHistory[Date],_xlfn.MAXIFS(tblHistory[Date],tblHistory[Date],"<"&tblHistory[[#This Row],[Date]],tblHistory[AIQ],"<>")))/_xlfn.MAXIFS(tblHistory[AIQ],tblHistory[Date],"<="&tblHistory[[#This Row],[Date]],tblHistory[Date],">="&tblHistory[[#This Row],[Date]]-730)-1)-Dashboard!$G$15)/(Dashboard!$H$15-Dashboard!$G$15))))) | N16: =IF(tblHistory[[#This Row],[Date]]-MIN(tblHistory[Date])<729,NA(),IF(IF(ISNUMBER(tblHistory[[#This Row],[DTCR]]),tblHistory[[#This Row],[DTCR]],SUMIFS(tblHistory[DTCR],tblHistory[Date],_xlfn.MAXIFS(tblHistory[Date],tblHistory[Date],"<"&tblHistory[[#This Row],[Date]],tblHistory[DTCR],"<>")))=0,0,MIN(1,MAX(0,((IF(ISNUMBER(tblHistory[[#This Row],[DTCR]]),tblHistory[[#This Row],[DTCR]],SUMIFS(tblHistory[DTCR],tblHistory[Date],_xlfn.MAXIFS(tblHistory[Date],tblHistory[Date],"<"&tblHistory[[#This Row],[Date]],tblHistory[DTCR],"<>")))/_xlfn.MAXIFS(tblHistory[DTCR],tblHistory[Date],"<="&tblHistory[[#This Row],[Date]],tblHistory[Date],">="&tblHistory[[#This Row],[Date]]-730)-1)-Dashboard!$G$16)/(Dashboard!$H$16-Dashboard!$G$16))))) | O16: =IF(tblHistory[[#This Row],[Date]]-MIN(tblHistory[Date])<729,NA(),MAX(MIN(1,MAX(0,(IF(ISNUMBER(tblHistory[[#This Row],[BBB]]),tblHistory[[#This Row],[BBB]],SUMIFS(tblHistory[BBB],tblHistory[Date],_xlfn.MAXIFS(tblHistory[Date],tblHistory[Date],"<"&tblHistory[[#This Row],[Date]],tblHistory[BBB],"<>")))-Dashboard!$G$17)/(Dashboard!$H$17-Dashboard!$G$17))),MIN(1,MAX(0,(IF(ISNUMBER(tblHistory[[#This Row],[BBB]]),tblHistory[[#This Row],[BBB]],SUMIFS(tblHistory[BBB],tblHistory[Date],_xlfn.MAXIFS(tblHistory[Date],tblHistory[Date],"<"&tblHistory[[#This Row],[Date]],tblHistory[BBB],"<>")))-_xlfn.MINIFS(tblHistory[BBB],tblHistory[Date],"<="&tblHistory[[#This Row],[Date]],tblHistory[Date],">="&tblHistory[[#This Row],[Date]]-365)-Dashboard!$L$17)/(Dashboard!$M$17-Dashboard!$L$17))))) | P16: =IF(tblHistory[[#This Row],[Date]]-MIN(tblHistory[Date])<729,NA(),MAX(MIN(1,MAX(0,(IF(ISNUMBER(tblHistory[[#This Row],[CCC]]),tblHistory[[#This Row],[CCC]],SUMIFS(tblHistory[CCC],tblHistory[Date],_xlfn.MAXIFS(tblHistory[Date],tblHistory[Date],"<"&tblHistory[[#This Row],[Date]],tblHistory[CCC],"<>")))-Dashboard!$G$18)/(Dashboard!$H$18-Dashboard!$G$18))),MIN(1,MAX(0,(IF(ISNUMBER(tblHistory[[#This Row],[CCC]]),tblHistory[[#This Row],[CCC]],SUMIFS(tblHistory[CCC],tblHistory[Date],_xlfn.MAXIFS(tblHistory[Date],tblHistory[Date],"<"&tblHistory[[#This Row],[Date]],tblHistory[CCC],"<>")))-_xlfn.MINIFS(tblHistory[CCC],tblHistory[Date],"<="&tblHistory[[#This Row],[Date]],tblHistory[Date],">="&tblHistory[[#This Row],[Date]]-365)-Dashboard!$L$18)/(Dashboard!$M$18-Dashboard!$L$18))))) | Q16: =IF(tblHistory[[#This Row],[Date]]-MIN(tblHistory[Date])<729,NA(),IF(IF(ISNUMBER(tblHistory[[#This Row],[BIZD]]),tblHistory[[#This Row],[BIZD]],SUMIFS(tblHistory[BIZD],tblHistory[Date],_xlfn.MAXIFS(tblHistory[Date],tblHistory[Date],"<"&tblHistory[[#This Row],[Date]],tblHistory[BIZD],"<>")))=0,0,MIN(1,MAX(0,((IF(ISNUMBER(tblHistory[[#This Row],[BIZD]]),tblHistory[[#This Row],[BIZD]],SUMIFS(tblHistory[BIZD],tblHistory[Date],_xlfn.MAXIFS(tblHistory[Date],tblHistory[Date],"<"&tblHistory[[#This Row],[Date]],tblHistory[BIZD],"<>")))/_xlfn.MAXIFS(tblHistory[BIZD],tblHistory[Date],"<="&tblHistory[[#This Row],[Date]],tblHistory[Date],">="&tblHistory[[#This Row],[Date]]-730)-1)-Dashboard!$G$19)/(Dashboard!$H$19-Dashboard!$G$19))))) | R16: =IF(tblHistory[[#This Row],[Date]]-MIN(tblHistory[Date])<729,NA(),IF(IF(ISNUMBER(tblHistory[[#This Row],[BKLN]]),tblHistory[[#This Row],[BKLN]],SUMIFS(tblHistory[BKLN],tblHistory[Date],_xlfn.MAXIFS(tblHistory[Date],tblHistory[Date],"<"&tblHistory[[#This Row],[Date]],tblHistory[BKLN],"<>")))=0,0,MIN(1,MAX(0,((IF(ISNUMBER(tblHistory[[#This Row],[BKLN]]),tblHistory[[#This Row],[BKLN]],SUMIFS(tblHistory[BKLN],tblHistory[Date],_xlfn.MAXIFS(tblHistory[Date],tblHistory[Date],"<"&tblHistory[[#This Row],[Date]],tblHistory[BKLN],"<>")))/_xlfn.MAXIFS(tblHistory[BKLN],tblHistory[Date],"<="&tblHistory[[#This Row],[Date]],tblHistory[Date],">="&tblHistory[[#This Row],[Date]]-730)-1)-Dashboard!$G$20)/(Dashboard!$H$20-Dashboard!$G$20))))) | S16: =IF(tblHistory[[#This Row],[Date]]-MIN(tblHistory[Date])<729,NA(),MAX(MIN(1,MAX(0,(IF(ISNUMBER(tblHistory[[#This Row],[HY]]),tblHistory[[#This Row],[HY]],SUMIFS(tblHistory[HY],tblHistory[Date],_xlfn.MAXIFS(tblHistory[Date],tblHistory[Date],"<"&tblHistory[[#This Row],[Date]],tblHistory[HY],"<>")))-Dashboard!$G$21)/(Dashboard!$H$21-Dashboard!$G$21))),MIN(1,MAX(0,(IF(ISNUMBER(tblHistory[[#This Row],[HY]]),tblHistory[[#This Row],[HY]],SUMIFS(tblHistory[HY],tblHistory[Date],_xlfn.MAXIFS(tblHistory[Date],tblHistory[Date],"<"&tblHistory[[#This Row],[Date]],tblHistory[HY],"<>")))-_xlfn.MINIFS(tblHistory[HY],tblHistory[Date],"<="&tblHistory[[#This Row],[Date]],tblHistory[Date],">="&tblHistory[[#This Row],[Date]]-365)-Dashboard!$L$21)/(Dashboard!$M$21-Dashboard!$L$21))))) | T16: =(Dashboard!$C$13*tblHistory[[#This Row],[NDX S]]+Dashboard!$C$14*tblHistory[[#This Row],[SOX S]]+Dashboard!$C$15*tblHistory[[#This Row],[AIQ S]])/(Dashboard!$C$13+Dashboard!$C$14+Dashboard!$C$15)*100 | U16: =(Dashboard!$C$16*tblHistory[[#This Row],[DTCR S]]+Dashboard!$C$17*tblHistory[[#This Row],[BBB S]]+Dashboard!$C$18*tblHistory[[#This Row],[CCC S]])/(Dashboard!$C$16+Dashboard!$C$17+Dashboard!$C$18)*100 | V16: =(Dashboard!$C$19*tblHistory[[#This Row],[BIZD S]]+Dashboard!$C$20*tblHistory[[#This Row],[BKLN S]]+Dashboard!$C$21*tblHistory[[#This Row],[HY S]])/(Dashboard!$C$19+Dashboard!$C$20+Dashboard!$C$21)*100 | W16: =ROUND((Dashboard!$C$13*tblHistory[[#This Row],[NDX S]]+Dashboard!$C$14*tblHistory[[#This Row],[SOX S]]+Dashboard!$C$15*tblHistory[[#This Row],[AIQ S]]+Dashboard!$C$16*tblHistory[[#This Row],[DTCR S]]+Dashboard!$C$17*tblHistory[[#This Row],[BBB S]]+Dashboard!$C$18*tblHistory[[#This Row],[CCC S]]+Dashboard!$C$19*tblHistory[[#This Row],[BIZD S]]+Dashboard!$C$20*tblHistory[[#This Row],[BKLN S]]+Dashboard!$C$21*tblHistory[[#This Row],[HY S]])/(Dashboard!$C$13+Dashboard!$C$14+Dashboard!$C$15+Dashboard!$C$16+Dashboard!$C$17+Dashboard!$C$18+Dashboard!$C$19+Dashboard!$C$20+Dashboard!$C$21)*100,0) | X16: =IFERROR(--(tblHistory[[#This Row],[Score]]>=50),0) | Y16: =IFERROR(--AND(tblHistory[[#This Row],[Score]]>=60,OR(AND(tblHistory[[#This Row],[BIZD S]]>=0.8,tblHistory[[#This Row],[BKLN S]]>=0.5),tblHistory[[#This Row],[CCC S]]>=0.8)),0) | Z16: =IFERROR(--AND(tblHistory[[#This Row],[Score]]>=70,tblHistory[[#This Row],[SOX S]]>=0.83,tblHistory[[#This Row],[AIQ S]]>=0.8),0) | AA16: =IFERROR(--AND(tblHistory[[#This Row],[Score]]>=75,tblHistory[[#This Row],[NDX S]]=1,OR(IF(ISNUMBER(tblHistory[[#This Row],[HY]]),tblHistory[[#This Row],[HY]],SUMIFS(tblHistory[HY],tblHistory[Date],_xlfn.MAXIFS(tblHistory[Date],tblHistory[Date],"<"&tblHistory[[#This Row],[Date]],tblHistory[HY],"<>")))>=500,tblHistory[[#This Row],[BIZD S]]=1)),0) | AB16: =IFERROR(--(COUNTIFS(tblHistory[Date],">="&tblHistory[[#This Row],[Date]],tblHistory[Date],"<="&_xlfn.AGGREGATE(15,6,tblHistory[Date]/(tblHistory[Date]>=tblHistory[[#This Row],[Date]]),5),tblHistory[L1],1)=5),0) | AC16: =IFERROR(--(COUNTIFS(tblHistory[Date],">="&tblHistory[[#This Row],[Date]],tblHistory[Date],"<="&_xlfn.AGGREGATE(15,6,tblHistory[Date]/(tblHistory[Date]>=tblHistory[[#This Row],[Date]]),5),tblHistory[L2],1)=5),0) | AD16: =IFERROR(--(COUNTIFS(tblHistory[Date],">="&tblHistory[[#This Row],[Date]],tblHistory[Date],"<="&_xlfn.AGGREGATE(15,6,tblHistory[Date]/(tblHistory[Date]>=tblHistory[[#This Row],[Date]]),5),tblHistory[L3],1)=5),0) | AE16: =IFERROR(--(COUNTIFS(tblHistory[Date],">="&tblHistory[[#This Row],[Date]],tblHistory[Date],"<="&_xlfn.AGGREGATE(15,6,tblHistory[Date]/(tblHistory[Date]>=tblHistory[[#This Row],[Date]]),5),tblHistory[L4],1)=5),0)
... A754: 45229 | B754: 14335.51 | C754: 3185.1799 | D754: 25.9036 | E754: 11.8596 | F754: 162 | G754: 1041 | H754: 10.5656 | I754: 16.6675 | J754: 450 | K754: =IF(tblHistory[[#This Row],[Date]]-MIN(tblHistory[Date])<729,NA(),IF(IF(ISNUMBER(tblHistory[[#This Row],[NDX]]),tblHistory[[#This Row],[NDX]],SUMIFS(tblHistory[NDX],tblHistory[Date],_xlfn.MAXIFS(tblHistory[Date],tblHistory[Date],"<"&tblHistory[[#This Row],[Date]],tblHistory[NDX],"<>")))=0,0,MIN(1,MAX(0,((IF(ISNUMBER(tblHistory[[#This Row],[NDX]]),tblHistory[[#This Row],[NDX]],SUMIFS(tblHistory[NDX],tblHistory[Date],_xlfn.MAXIFS(tblHistory[Date],tblHistory[Date],"<"&tblHistory[[#This Row],[Date]],tblHistory[NDX],"<>")))/_xlfn.MAXIFS(tblHistory[NDX],tblHistory[Date],"<="&tblHistory[[#This Row],[Date]],tblHistory[Date],">="&tblHistory[[#This Row],[Date]]-730)-1)-Dashboard!$G$13)/(Dashboard!$H$13-Dashboard!$G$13))))) | L754: =IF(tblHistory[[#This Row],[Date]]-MIN(tblHistory[Date])<729,NA(),IF(IF(ISNUMBER(tblHistory[[#This Row],[SOX]]),tblHistory[[#This Row],[SOX]],SUMIFS(tblHistory[SOX],tblHistory[Date],_xlfn.MAXIFS(tblHistory[Date],tblHistory[Date],"<"&tblHistory[[#This Row],[Date]],tblHistory[SOX],"<>")))=0,0,MIN(1,MAX(0,((IF(ISNUMBER(tblHistory[[#This Row],[SOX]]),tblHistory[[#This Row],[SOX]],SUMIFS(tblHistory[SOX],tblHistory[Date],_xlfn.MAXIFS(tblHistory[Date],tblHistory[Date],"<"&tblHistory[[#This Row],[Date]],tblHistory[SOX],"<>")))/_xlfn.MAXIFS(tblHistory[SOX],tblHistory[Date],"<="&tblHistory[[#This Row],[Date]],tblHistory[Date],">="&tblHistory[[#This Row],[Date]]-730)-1)-Dashboard!$G$14)/(Dashboard!$H$14-Dashboard!$G$14))))) | M754: =IF(tblHistory[[#This Row],[Date]]-MIN(tblHistory[Date])<729,NA(),IF(IF(ISNUMBER(tblHistory[[#This Row],[AIQ]]),tblHistory[[#This Row],[AIQ]],SUMIFS(tblHistory[AIQ],tblHistory[Date],_xlfn.MAXIFS(tblHistory[Date],tblHistory[Date],"<"&tblHistory[[#This Row],[Date]],tblHistory[AIQ],"<>")))=0,0,MIN(1,MAX(0,((IF(ISNUMBER(tblHistory[[#This Row],[AIQ]]),tblHistory[[#This Row],[AIQ]],SUMIFS(tblHistory[AIQ],tblHistory[Date],_xlfn.MAXIFS(tblHistory[Date],tblHistory[Date],"<"&tblHistory[[#This Row],[Date]],tblHistory[AIQ],"<>")))/_xlfn.MAXIFS(tblHistory[AIQ],tblHistory[Date],"<="&tblHistory[[#This Row],[Date]],tblHistory[Date],">="&tblHistory[[#This Row],[Date]]-730)-1)-Dashboard!$G$15)/(Dashboard!$H$15-Dashboard!$G$15))))) | N754: =IF(tblHistory[[#This Row],[Date]]-MIN(tblHistory[Date])<729,NA(),IF(IF(ISNUMBER(tblHistory[[#This Row],[DTCR]]),tblHistory[[#This Row],[DTCR]],SUMIFS(tblHistory[DTCR],tblHistory[Date],_xlfn.MAXIFS(tblHistory[Date],tblHistory[Date],"<"&tblHistory[[#This Row],[Date]],tblHistory[DTCR],"<>")))=0,0,MIN(1,MAX(0,((IF(ISNUMBER(tblHistory[[#This Row],[DTCR]]),tblHistory[[#This Row],[DTCR]],SUMIFS(tblHistory[DTCR],tblHistory[Date],_xlfn.MAXIFS(tblHistory[Date],tblHistory[Date],"<"&tblHistory[[#This Row],[Date]],tblHistory[DTCR],"<>")))/_xlfn.MAXIFS(tblHistory[DTCR],tblHistory[Date],"<="&tblHistory[[#This Row],[Date]],tblHistory[Date],">="&tblHistory[[#This Row],[Date]]-730)-1)-Dashboard!$G$16)/(Dashboard!$H$16-Dashboard!$G$16))))) | O754: =IF(tblHistory[[#This Row],[Date]]-MIN(tblHistory[Date])<729,NA(),MAX(MIN(1,MAX(0,(IF(ISNUMBER(tblHistory[[#This Row],[BBB]]),tblHistory[[#This Row],[BBB]],SUMIFS(tblHistory[BBB],tblHistory[Date],_xlfn.MAXIFS(tblHistory[Date],tblHistory[Date],"<"&tblHistory[[#This Row],[Date]],tblHistory[BBB],"<>")))-Dashboard!$G$17)/(Dashboard!$H$17-Dashboard!$G$17))),MIN(1,MAX(0,(IF(ISNUMBER(tblHistory[[#This Row],[BBB]]),tblHistory[[#This Row],[BBB]],SUMIFS(tblHistory[BBB],tblHistory[Date],_xlfn.MAXIFS(tblHistory[Date],tblHistory[Date],"<"&tblHistory[[#This Row],[Date]],tblHistory[BBB],"<>")))-_xlfn.MINIFS(tblHistory[BBB],tblHistory[Date],"<="&tblHistory[[#This Row],[Date]],tblHistory[Date],">="&tblHistory[[#This Row],[Date]]-365)-Dashboard!$L$17)/(Dashboard!$M$17-Dashboard!$L$17))))) | P754: =IF(tblHistory[[#This Row],[Date]]-MIN(tblHistory[Date])<729,NA(),MAX(MIN(1,MAX(0,(IF(ISNUMBER(tblHistory[[#This Row],[CCC]]),tblHistory[[#This Row],[CCC]],SUMIFS(tblHistory[CCC],tblHistory[Date],_xlfn.MAXIFS(tblHistory[Date],tblHistory[Date],"<"&tblHistory[[#This Row],[Date]],tblHistory[CCC],"<>")))-Dashboard!$G$18)/(Dashboard!$H$18-Dashboard!$G$18))),MIN(1,MAX(0,(IF(ISNUMBER(tblHistory[[#This Row],[CCC]]),tblHistory[[#This Row],[CCC]],SUMIFS(tblHistory[CCC],tblHistory[Date],_xlfn.MAXIFS(tblHistory[Date],tblHistory[Date],"<"&tblHistory[[#This Row],[Date]],tblHistory[CCC],"<>")))-_xlfn.MINIFS(tblHistory[CCC],tblHistory[Date],"<="&tblHistory[[#This Row],[Date]],tblHistory[Date],">="&tblHistory[[#This Row],[Date]]-365)-Dashboard!$L$18)/(Dashboard!$M$18-Dashboard!$L$18))))) | Q754: =IF(tblHistory[[#This Row],[Date]]-MIN(tblHistory[Date])<729,NA(),IF(IF(ISNUMBER(tblHistory[[#This Row],[BIZD]]),tblHistory[[#This Row],[BIZD]],SUMIFS(tblHistory[BIZD],tblHistory[Date],_xlfn.MAXIFS(tblHistory[Date],tblHistory[Date],"<"&tblHistory[[#This Row],[Date]],tblHistory[BIZD],"<>")))=0,0,MIN(1,MAX(0,((IF(ISNUMBER(tblHistory[[#This Row],[BIZD]]),tblHistory[[#This Row],[BIZD]],SUMIFS(tblHistory[BIZD],tblHistory[Date],_xlfn.MAXIFS(tblHistory[Date],tblHistory[Date],"<"&tblHistory[[#This Row],[Date]],tblHistory[BIZD],"<>")))/_xlfn.MAXIFS(tblHistory[BIZD],tblHistory[Date],"<="&tblHistory[[#This Row],[Date]],tblHistory[Date],">="&tblHistory[[#This Row],[Date]]-730)-1)-Dashboard!$G$19)/(Dashboard!$H$19-Dashboard!$G$19))))) | R754: =IF(tblHistory[[#This Row],[Date]]-MIN(tblHistory[Date])<729,NA(),IF(IF(ISNUMBER(tblHistory[[#This Row],[BKLN]]),tblHistory[[#This Row],[BKLN]],SUMIFS(tblHistory[BKLN],tblHistory[Date],_xlfn.MAXIFS(tblHistory[Date],tblHistory[Date],"<"&tblHistory[[#This Row],[Date]],tblHistory[BKLN],"<>")))=0,0,MIN(1,MAX(0,((IF(ISNUMBER(tblHistory[[#This Row],[BKLN]]),tblHistory[[#This Row],[BKLN]],SUMIFS(tblHistory[BKLN],tblHistory[Date],_xlfn.MAXIFS(tblHistory[Date],tblHistory[Date],"<"&tblHistory[[#This Row],[Date]],tblHistory[BKLN],"<>")))/_xlfn.MAXIFS(tblHistory[BKLN],tblHistory[Date],"<="&tblHistory[[#This Row],[Date]],tblHistory[Date],">="&tblHistory[[#This Row],[Date]]-730)-1)-Dashboard!$G$20)/(Dashboard!$H$20-Dashboard!$G$20))))) | S754: =IF(tblHistory[[#This Row],[Date]]-MIN(tblHistory[Date])<729,NA(),MAX(MIN(1,MAX(0,(IF(ISNUMBER(tblHistory[[#This Row],[HY]]),tblHistory[[#This Row],[HY]],SUMIFS(tblHistory[HY],tblHistory[Date],_xlfn.MAXIFS(tblHistory[Date],tblHistory[Date],"<"&tblHistory[[#This Row],[Date]],tblHistory[HY],"<>")))-Dashboard!$G$21)/(Dashboard!$H$21-Dashboard!$G$21))),MIN(1,MAX(0,(IF(ISNUMBER(tblHistory[[#This Row],[HY]]),tblHistory[[#This Row],[HY]],SUMIFS(tblHistory[HY],tblHistory[Date],_xlfn.MAXIFS(tblHistory[Date],tblHistory[Date],"<"&tblHistory[[#This Row],[Date]],tblHistory[HY],"<>")))-_xlfn.MINIFS(tblHistory[HY],tblHistory[Date],"<="&tblHistory[[#This Row],[Date]],tblHistory[Date],">="&tblHistory[[#This Row],[Date]]-365)-Dashboard!$L$21)/(Dashboard!$M$21-Dashboard!$L$21))))) | T754: =(Dashboard!$C$13*tblHistory[[#This Row],[NDX S]]+Dashboard!$C$14*tblHistory[[#This Row],[SOX S]]+Dashboard!$C$15*tblHistory[[#This Row],[AIQ S]])/(Dashboard!$C$13+Dashboard!$C$14+Dashboard!$C$15)*100 | U754: =(Dashboard!$C$16*tblHistory[[#This Row],[DTCR S]]+Dashboard!$C$17*tblHistory[[#This Row],[BBB S]]+Dashboard!$C$18*tblHistory[[#This Row],[CCC S]])/(Dashboard!$C$16+Dashboard!$C$17+Dashboard!$C$18)*100 | V754: =(Dashboard!$C$19*tblHistory[[#This Row],[BIZD S]]+Dashboard!$C$20*tblHistory[[#This Row],[BKLN S]]+Dashboard!$C$21*tblHistory[[#This Row],[HY S]])/(Dashboard!$C$19+Dashboard!$C$20+Dashboard!$C$21)*100 | W754: =ROUND((Dashboard!$C$13*tblHistory[[#This Row],[NDX S]]+Dashboard!$C$14*tblHistory[[#This Row],[SOX S]]+Dashboard!$C$15*tblHistory[[#This Row],[AIQ S]]+Dashboard!$C$16*tblHistory[[#This Row],[DTCR S]]+Dashboard!$C$17*tblHistory[[#This Row],[BBB S]]+Dashboard!$C$18*tblHistory[[#This Row],[CCC S]]+Dashboard!$C$19*tblHistory[[#This Row],[BIZD S]]+Dashboard!$C$20*tblHistory[[#This Row],[BKLN S]]+Dashboard!$C$21*tblHistory[[#This Row],[HY S]])/(Dashboard!$C$13+Dashboard!$C$14+Dashboard!$C$15+Dashboard!$C$16+Dashboard!$C$17+Dashboard!$C$18+Dashboard!$C$19+Dashboard!$C$20+Dashboard!$C$21)*100,0) | X754: =IFERROR(--(tblHistory[[#This Row],[Score]]>=50),0) | Y754: =IFERROR(--AND(tblHistory[[#This Row],[Score]]>=60,OR(AND(tblHistory[[#This Row],[BIZD S]]>=0.8,tblHistory[[#This Row],[BKLN S]]>=0.5),tblHistory[[#This Row],[CCC S]]>=0.8)),0) | Z754: =IFERROR(--AND(tblHistory[[#This Row],[Score]]>=70,tblHistory[[#This Row],[SOX S]]>=0.83,tblHistory[[#This Row],[AIQ S]]>=0.8),0) | AA754: =IFERROR(--AND(tblHistory[[#This Row],[Score]]>=75,tblHistory[[#This Row],[NDX S]]=1,OR(IF(ISNUMBER(tblHistory[[#This Row],[HY]]),tblHistory[[#This Row],[HY]],SUMIFS(tblHistory[HY],tblHistory[Date],_xlfn.MAXIFS(tblHistory[Date],tblHistory[Date],"<"&tblHistory[[#This Row],[Date]],tblHistory[HY],"<>")))>=500,tblHistory[[#This Row],[BIZD S]]=1)),0) | AB754: =IFERROR(--(COUNTIFS(tblHistory[Date],">="&tblHistory[[#This Row],[Date]],tblHistory[Date],"<="&_xlfn.AGGREGATE(15,6,tblHistory[Date]/(tblHistory[Date]>=tblHistory[[#This Row],[Date]]),5),tblHistory[L1],1)=5),0) | AC754: =IFERROR(--(COUNTIFS(tblHistory[Date],">="&tblHistory[[#This Row],[Date]],tblHistory[Date],"<="&_xlfn.AGGREGATE(15,6,tblHistory[Date]/(tblHistory[Date]>=tblHistory[[#This Row],[Date]]),5),tblHistory[L2],1)=5),0) | AD754: =IFERROR(--(COUNTIFS(tblHistory[Date],">="&tblHistory[[#This Row],[Date]],tblHistory[Date],"<="&_xlfn.AGGREGATE(15,6,tblHistory[Date]/(tblHistory[Date]>=tblHistory[[#This Row],[Date]]),5),tblHistory[L3],1)=5),0) | AE754: =IFERROR(--(COUNTIFS(tblHistory[Date],">="&tblHistory[[#This Row],[Date]],tblHistory[Date],"<="&_xlfn.AGGREGATE(15,6,tblHistory[Date]/(tblHistory[Date]>=tblHistory[[#This Row],[Date]]),5),tblHistory[L4],1)=5),0)

Sheet ChartData
A1: Factor | B1: Stress | D1: Gauge | E1: Value | G1: Week ending (Fri) | H1: Weekly high score | J1: Date | K1: EquityP | L1: FinP | M1: CreditP | N1: Score
A2: NDX | B2: =Dashboard!J13 | D2: Score | E2: =IFERROR(Tracker!C5,0) | G2: =MAX(tblHistory[Date])-WEEKDAY(MAX(tblHistory[Date]),2)+5 | H2: =IF(COUNTIFS(tblHistory[Date],">="&G2-6,tblHistory[Date],"<="&G2)=0,NA(),_xlfn.MAXIFS(tblHistory[Score],tblHistory[Date],">="&G2-6,tblHistory[Date],"<="&G2)) | J2: =IFERROR(IF(INDEX(tblHistory[Date],1)>MAX(tblHistory[Date])-364,INDEX(tblHistory[Date],1),""),"") | K2: =IF(J2="",NA(),IFERROR(INDEX(tblHistory[EquityP],1),NA())) | L2: =IF(J2="",NA(),IFERROR(INDEX(tblHistory[FinP],1),NA())) | M2: =IF(J2="",NA(),IFERROR(INDEX(tblHistory[CreditP],1),NA())) | N2: =IF(J2="",NA(),IFERROR(INDEX(tblHistory[Score],1),NA()))
A3: SOX | B3: =Dashboard!J14 | D3: Rest | E3: =100-E2 | G3: =G2-7 | H3: =IF(COUNTIFS(tblHistory[Date],">="&G3-6,tblHistory[Date],"<="&G3)=0,NA(),_xlfn.MAXIFS(tblHistory[Score],tblHistory[Date],">="&G3-6,tblHistory[Date],"<="&G3)) | J3: =IFERROR(IF(INDEX(tblHistory[Date],2)>MAX(tblHistory[Date])-364,INDEX(tblHistory[Date],2),""),"") | K3: =IF(J3="",NA(),IFERROR(INDEX(tblHistory[EquityP],2),NA())) | L3: =IF(J3="",NA(),IFERROR(INDEX(tblHistory[FinP],2),NA())) | M3: =IF(J3="",NA(),IFERROR(INDEX(tblHistory[CreditP],2),NA())) | N3: =IF(J3="",NA(),IFERROR(INDEX(tblHistory[Score],2),NA()))
A4: AIQ | B4: =Dashboard!J15 | D4: Hidden | E4: 100 | G4: =G3-7 | H4: =IF(COUNTIFS(tblHistory[Date],">="&G4-6,tblHistory[Date],"<="&G4)=0,NA(),_xlfn.MAXIFS(tblHistory[Score],tblHistory[Date],">="&G4-6,tblHistory[Date],"<="&G4)) | J4: =IFERROR(IF(INDEX(tblHistory[Date],3)>MAX(tblHistory[Date])-364,INDEX(tblHistory[Date],3),""),"") | K4: =IF(J4="",NA(),IFERROR(INDEX(tblHistory[EquityP],3),NA())) | L4: =IF(J4="",NA(),IFERROR(INDEX(tblHistory[FinP],3),NA())) | M4: =IF(J4="",NA(),IFERROR(INDEX(tblHistory[CreditP],3),NA())) | N4: =IF(J4="",NA(),IFERROR(INDEX(tblHistory[Score],3),NA()))
A5: DTCR | B5: =Dashboard!J16 | G5: =G4-7 | H5: =IF(COUNTIFS(tblHistory[Date],">="&G5-6,tblHistory[Date],"<="&G5)=0,NA(),_xlfn.MAXIFS(tblHistory[Score],tblHistory[Date],">="&G5-6,tblHistory[Date],"<="&G5)) | J5: =IFERROR(IF(INDEX(tblHistory[Date],4)>MAX(tblHistory[Date])-364,INDEX(tblHistory[Date],4),""),"") | K5: =IF(J5="",NA(),IFERROR(INDEX(tblHistory[EquityP],4),NA())) | L5: =IF(J5="",NA(),IFERROR(INDEX(tblHistory[FinP],4),NA())) | M5: =IF(J5="",NA(),IFERROR(INDEX(tblHistory[CreditP],4),NA())) | N5: =IF(J5="",NA(),IFERROR(INDEX(tblHistory[Score],4),NA()))
A6: BBB | B6: =Dashboard!J17 | G6: =G5-7 | H6: =IF(COUNTIFS(tblHistory[Date],">="&G6-6,tblHistory[Date],"<="&G6)=0,NA(),_xlfn.MAXIFS(tblHistory[Score],tblHistory[Date],">="&G6-6,tblHistory[Date],"<="&G6)) | J6: =IFERROR(IF(INDEX(tblHistory[Date],5)>MAX(tblHistory[Date])-364,INDEX(tblHistory[Date],5),""),"") | K6: =IF(J6="",NA(),IFERROR(INDEX(tblHistory[EquityP],5),NA())) | L6: =IF(J6="",NA(),IFERROR(INDEX(tblHistory[FinP],5),NA())) | M6: =IF(J6="",NA(),IFERROR(INDEX(tblHistory[CreditP],5),NA())) | N6: =IF(J6="",NA(),IFERROR(INDEX(tblHistory[Score],5),NA()))
A7: CCC | B7: =Dashboard!J18 | G7: =G6-7 | H7: =IF(COUNTIFS(tblHistory[Date],">="&G7-6,tblHistory[Date],"<="&G7)=0,NA(),_xlfn.MAXIFS(tblHistory[Score],tblHistory[Date],">="&G7-6,tblHistory[Date],"<="&G7)) | J7: =IFERROR(IF(INDEX(tblHistory[Date],6)>MAX(tblHistory[Date])-364,INDEX(tblHistory[Date],6),""),"") | K7: =IF(J7="",NA(),IFERROR(INDEX(tblHistory[EquityP],6),NA())) | L7: =IF(J7="",NA(),IFERROR(INDEX(tblHistory[FinP],6),NA())) | M7: =IF(J7="",NA(),IFERROR(INDEX(tblHistory[CreditP],6),NA())) | N7: =IF(J7="",NA(),IFERROR(INDEX(tblHistory[Score],6),NA()))
A8: BIZD | B8: =Dashboard!J19 | G8: =G7-7 | H8: =IF(COUNTIFS(tblHistory[Date],">="&G8-6,tblHistory[Date],"<="&G8)=0,NA(),_xlfn.MAXIFS(tblHistory[Score],tblHistory[Date],">="&G8-6,tblHistory[Date],"<="&G8)) | J8: =IFERROR(IF(INDEX(tblHistory[Date],7)>MAX(tblHistory[Date])-364,INDEX(tblHistory[Date],7),""),"") | K8: =IF(J8="",NA(),IFERROR(INDEX(tblHistory[EquityP],7),NA())) | L8: =IF(J8="",NA(),IFERROR(INDEX(tblHistory[FinP],7),NA())) | M8: =IF(J8="",NA(),IFERROR(INDEX(tblHistory[CreditP],7),NA())) | N8: =IF(J8="",NA(),IFERROR(INDEX(tblHistory[Score],7),NA()))
A9: BKLN | B9: =Dashboard!J20 | G9: =G8-7 | H9: =IF(COUNTIFS(tblHistory[Date],">="&G9-6,tblHistory[Date],"<="&G9)=0,NA(),_xlfn.MAXIFS(tblHistory[Score],tblHistory[Date],">="&G9-6,tblHistory[Date],"<="&G9)) | J9: =IFERROR(IF(INDEX(tblHistory[Date],8)>MAX(tblHistory[Date])-364,INDEX(tblHistory[Date],8),""),"") | K9: =IF(J9="",NA(),IFERROR(INDEX(tblHistory[EquityP],8),NA())) | L9: =IF(J9="",NA(),IFERROR(INDEX(tblHistory[FinP],8),NA())) | M9: =IF(J9="",NA(),IFERROR(INDEX(tblHistory[CreditP],8),NA())) | N9: =IF(J9="",NA(),IFERROR(INDEX(tblHistory[Score],8),NA()))
A10: HY | B10: =Dashboard!J21 | G10: =G9-7 | H10: =IF(COUNTIFS(tblHistory[Date],">="&G10-6,tblHistory[Date],"<="&G10)=0,NA(),_xlfn.MAXIFS(tblHistory[Score],tblHistory[Date],">="&G10-6,tblHistory[Date],"<="&G10)) | J10: =IFERROR(IF(INDEX(tblHistory[Date],9)>MAX(tblHistory[Date])-364,INDEX(tblHistory[Date],9),""),"") | K10: =IF(J10="",NA(),IFERROR(INDEX(tblHistory[EquityP],9),NA())) | L10: =IF(J10="",NA(),IFERROR(INDEX(tblHistory[FinP],9),NA())) | M10: =IF(J10="",NA(),IFERROR(INDEX(tblHistory[CreditP],9),NA())) | N10: =IF(J10="",NA(),IFERROR(INDEX(tblHistory[Score],9),NA()))
G11: =G10-7 | H11: =IF(COUNTIFS(tblHistory[Date],">="&G11-6,tblHistory[Date],"<="&G11)=0,NA(),_xlfn.MAXIFS(tblHistory[Score],tblHistory[Date],">="&G11-6,tblHistory[Date],"<="&G11)) | J11: =IFERROR(IF(INDEX(tblHistory[Date],10)>MAX(tblHistory[Date])-364,INDEX(tblHistory[Date],10),""),"") | K11: =IF(J11="",NA(),IFERROR(INDEX(tblHistory[EquityP],10),NA())) | L11: =IF(J11="",NA(),IFERROR(INDEX(tblHistory[FinP],10),NA())) | M11: =IF(J11="",NA(),IFERROR(INDEX(tblHistory[CreditP],10),NA())) | N11: =IF(J11="",NA(),IFERROR(INDEX(tblHistory[Score],10),NA()))
G12: =G11-7 | H12: =IF(COUNTIFS(tblHistory[Date],">="&G12-6,tblHistory[Date],"<="&G12)=0,NA(),_xlfn.MAXIFS(tblHistory[Score],tblHistory[Date],">="&G12-6,tblHistory[Date],"<="&G12)) | J12: =IFERROR(IF(INDEX(tblHistory[Date],11)>MAX(tblHistory[Date])-364,INDEX(tblHistory[Date],11),""),"") | K12: =IF(J12="",NA(),IFERROR(INDEX(tblHistory[EquityP],11),NA())) | L12: =IF(J12="",NA(),IFERROR(INDEX(tblHistory[FinP],11),NA())) | M12: =IF(J12="",NA(),IFERROR(INDEX(tblHistory[CreditP],11),NA())) | N12: =IF(J12="",NA(),IFERROR(INDEX(tblHistory[Score],11),NA()))
G13: =G12-7 | H13: =IF(COUNTIFS(tblHistory[Date],">="&G13-6,tblHistory[Date],"<="&G13)=0,NA(),_xlfn.MAXIFS(tblHistory[Score],tblHistory[Date],">="&G13-6,tblHistory[Date],"<="&G13)) | J13: =IFERROR(IF(INDEX(tblHistory[Date],12)>MAX(tblHistory[Date])-364,INDEX(tblHistory[Date],12),""),"") | K13: =IF(J13="",NA(),IFERROR(INDEX(tblHistory[EquityP],12),NA())) | L13: =IF(J13="",NA(),IFERROR(INDEX(tblHistory[FinP],12),NA())) | M13: =IF(J13="",NA(),IFERROR(INDEX(tblHistory[CreditP],12),NA())) | N13: =IF(J13="",NA(),IFERROR(INDEX(tblHistory[Score],12),NA()))
G14: =G13-7 | H14: =IF(COUNTIFS(tblHistory[Date],">="&G14-6,tblHistory[Date],"<="&G14)=0,NA(),_xlfn.MAXIFS(tblHistory[Score],tblHistory[Date],">="&G14-6,tblHistory[Date],"<="&G14)) | J14: =IFERROR(IF(INDEX(tblHistory[Date],13)>MAX(tblHistory[Date])-364,INDEX(tblHistory[Date],13),""),"") | K14: =IF(J14="",NA(),IFERROR(INDEX(tblHistory[EquityP],13),NA())) | L14: =IF(J14="",NA(),IFERROR(INDEX(tblHistory[FinP],13),NA())) | M14: =IF(J14="",NA(),IFERROR(INDEX(tblHistory[CreditP],13),NA())) | N14: =IF(J14="",NA(),IFERROR(INDEX(tblHistory[Score],13),NA()))
G15: =G14-7 | H15: =IF(COUNTIFS(tblHistory[Date],">="&G15-6,tblHistory[Date],"<="&G15)=0,NA(),_xlfn.MAXIFS(tblHistory[Score],tblHistory[Date],">="&G15-6,tblHistory[Date],"<="&G15)) | J15: =IFERROR(IF(INDEX(tblHistory[Date],14)>MAX(tblHistory[Date])-364,INDEX(tblHistory[Date],14),""),"") | K15: =IF(J15="",NA(),IFERROR(INDEX(tblHistory[EquityP],14),NA())) | L15: =IF(J15="",NA(),IFERROR(INDEX(tblHistory[FinP],14),NA())) | M15: =IF(J15="",NA(),IFERROR(INDEX(tblHistory[CreditP],14),NA())) | N15: =IF(J15="",NA(),IFERROR(INDEX(tblHistory[Score],14),NA()))
G16: =G15-7 | H16: =IF(COUNTIFS(tblHistory[Date],">="&G16-6,tblHistory[Date],"<="&G16)=0,NA(),_xlfn.MAXIFS(tblHistory[Score],tblHistory[Date],">="&G16-6,tblHistory[Date],"<="&G16)) | J16: =IFERROR(IF(INDEX(tblHistory[Date],15)>MAX(tblHistory[Date])-364,INDEX(tblHistory[Date],15),""),"") | K16: =IF(J16="",NA(),IFERROR(INDEX(tblHistory[EquityP],15),NA())) | L16: =IF(J16="",NA(),IFERROR(INDEX(tblHistory[FinP],15),NA())) | M16: =IF(J16="",NA(),IFERROR(INDEX(tblHistory[CreditP],15),NA())) | N16: =IF(J16="",NA(),IFERROR(INDEX(tblHistory[Score],15),NA()))
G17: =G16-7 | H17: =IF(COUNTIFS(tblHistory[Date],">="&G17-6,tblHistory[Date],"<="&G17)=0,NA(),_xlfn.MAXIFS(tblHistory[Score],tblHistory[Date],">="&G17-6,tblHistory[Date],"<="&G17)) | J17: =IFERROR(IF(INDEX(tblHistory[Date],16)>MAX(tblHistory[Date])-364,INDEX(tblHistory[Date],16),""),"") | K17: =IF(J17="",NA(),IFERROR(INDEX(tblHistory[EquityP],16),NA())) | L17: =IF(J17="",NA(),IFERROR(INDEX(tblHistory[FinP],16),NA())) | M17: =IF(J17="",NA(),IFERROR(INDEX(tblHistory[CreditP],16),NA())) | N17: =IF(J17="",NA(),IFERROR(INDEX(tblHistory[Score],16),NA()))
G18: =G17-7 | H18: =IF(COUNTIFS(tblHistory[Date],">="&G18-6,tblHistory[Date],"<="&G18)=0,NA(),_xlfn.MAXIFS(tblHistory[Score],tblHistory[Date],">="&G18-6,tblHistory[Date],"<="&G18)) | J18: =IFERROR(IF(INDEX(tblHistory[Date],17)>MAX(tblHistory[Date])-364,INDEX(tblHistory[Date],17),""),"") | K18: =IF(J18="",NA(),IFERROR(INDEX(tblHistory[EquityP],17),NA())) | L18: =IF(J18="",NA(),IFERROR(INDEX(tblHistory[FinP],17),NA())) | M18: =IF(J18="",NA(),IFERROR(INDEX(tblHistory[CreditP],17),NA())) | N18: =IF(J18="",NA(),IFERROR(INDEX(tblHistory[Score],17),NA()))
G19: =G18-7 | H19: =IF(COUNTIFS(tblHistory[Date],">="&G19-6,tblHistory[Date],"<="&G19)=0,NA(),_xlfn.MAXIFS(tblHistory[Score],tblHistory[Date],">="&G19-6,tblHistory[Date],"<="&G19)) | J19: =IFERROR(IF(INDEX(tblHistory[Date],18)>MAX(tblHistory[Date])-364,INDEX(tblHistory[Date],18),""),"") | K19: =IF(J19="",NA(),IFERROR(INDEX(tblHistory[EquityP],18),NA())) | L19: =IF(J19="",NA(),IFERROR(INDEX(tblHistory[FinP],18),NA())) | M19: =IF(J19="",NA(),IFERROR(INDEX(tblHistory[CreditP],18),NA())) | N19: =IF(J19="",NA(),IFERROR(INDEX(tblHistory[Score],18),NA()))
G20: =G19-7 | H20: =IF(COUNTIFS(tblHistory[Date],">="&G20-6,tblHistory[Date],"<="&G20)=0,NA(),_xlfn.MAXIFS(tblHistory[Score],tblHistory[Date],">="&G20-6,tblHistory[Date],"<="&G20)) | J20: =IFERROR(IF(INDEX(tblHistory[Date],19)>MAX(tblHistory[Date])-364,INDEX(tblHistory[Date],19),""),"") | K20: =IF(J20="",NA(),IFERROR(INDEX(tblHistory[EquityP],19),NA())) | L20: =IF(J20="",NA(),IFERROR(INDEX(tblHistory[FinP],19),NA())) | M20: =IF(J20="",NA(),IFERROR(INDEX(tblHistory[CreditP],19),NA())) | N20: =IF(J20="",NA(),IFERROR(INDEX(tblHistory[Score],19),NA()))
G21: =G20-7 | H21: =IF(COUNTIFS(tblHistory[Date],">="&G21-6,tblHistory[Date],"<="&G21)=0,NA(),_xlfn.MAXIFS(tblHistory[Score],tblHistory[Date],">="&G21-6,tblHistory[Date],"<="&G21)) | J21: =IFERROR(IF(INDEX(tblHistory[Date],20)>MAX(tblHistory[Date])-364,INDEX(tblHistory[Date],20),""),"") | K21: =IF(J21="",NA(),IFERROR(INDEX(tblHistory[EquityP],20),NA())) | L21: =IF(J21="",NA(),IFERROR(INDEX(tblHistory[FinP],20),NA())) | M21: =IF(J21="",NA(),IFERROR(INDEX(tblHistory[CreditP],20),NA())) | N21: =IF(J21="",NA(),IFERROR(INDEX(tblHistory[Score],20),NA()))
G22: =G21-7 | H22: =IF(COUNTIFS(tblHistory[Date],">="&G22-6,tblHistory[Date],"<="&G22)=0,NA(),_xlfn.MAXIFS(tblHistory[Score],tblHistory[Date],">="&G22-6,tblHistory[Date],"<="&G22)) | J22: =IFERROR(IF(INDEX(tblHistory[Date],21)>MAX(tblHistory[Date])-364,INDEX(tblHistory[Date],21),""),"") | K22: =IF(J22="",NA(),IFERROR(INDEX(tblHistory[EquityP],21),NA())) | L22: =IF(J22="",NA(),IFERROR(INDEX(tblHistory[FinP],21),NA())) | M22: =IF(J22="",NA(),IFERROR(INDEX(tblHistory[CreditP],21),NA())) | N22: =IF(J22="",NA(),IFERROR(INDEX(tblHistory[Score],21),NA()))
G23: =G22-7 | H23: =IF(COUNTIFS(tblHistory[Date],">="&G23-6,tblHistory[Date],"<="&G23)=0,NA(),_xlfn.MAXIFS(tblHistory[Score],tblHistory[Date],">="&G23-6,tblHistory[Date],"<="&G23)) | J23: =IFERROR(IF(INDEX(tblHistory[Date],22)>MAX(tblHistory[Date])-364,INDEX(tblHistory[Date],22),""),"") | K23: =IF(J23="",NA(),IFERROR(INDEX(tblHistory[EquityP],22),NA())) | L23: =IF(J23="",NA(),IFERROR(INDEX(tblHistory[FinP],22),NA())) | M23: =IF(J23="",NA(),IFERROR(INDEX(tblHistory[CreditP],22),NA())) | N23: =IF(J23="",NA(),IFERROR(INDEX(tblHistory[Score],22),NA()))
G24: =G23-7 | H24: =IF(COUNTIFS(tblHistory[Date],">="&G24-6,tblHistory[Date],"<="&G24)=0,NA(),_xlfn.MAXIFS(tblHistory[Score],tblHistory[Date],">="&G24-6,tblHistory[Date],"<="&G24)) | J24: =IFERROR(IF(INDEX(tblHistory[Date],23)>MAX(tblHistory[Date])-364,INDEX(tblHistory[Date],23),""),"") | K24: =IF(J24="",NA(),IFERROR(INDEX(tblHistory[EquityP],23),NA())) | L24: =IF(J24="",NA(),IFERROR(INDEX(tblHistory[FinP],23),NA())) | M24: =IF(J24="",NA(),IFERROR(INDEX(tblHistory[CreditP],23),NA())) | N24: =IF(J24="",NA(),IFERROR(INDEX(tblHistory[Score],23),NA()))
G25: =G24-7 | H25: =IF(COUNTIFS(tblHistory[Date],">="&G25-6,tblHistory[Date],"<="&G25)=0,NA(),_xlfn.MAXIFS(tblHistory[Score],tblHistory[Date],">="&G25-6,tblHistory[Date],"<="&G25)) | J25: =IFERROR(IF(INDEX(tblHistory[Date],24)>MAX(tblHistory[Date])-364,INDEX(tblHistory[Date],24),""),"") | K25: =IF(J25="",NA(),IFERROR(INDEX(tblHistory[EquityP],24),NA())) | L25: =IF(J25="",NA(),IFERROR(INDEX(tblHistory[FinP],24),NA())) | M25: =IF(J25="",NA(),IFERROR(INDEX(tblHistory[CreditP],24),NA())) | N25: =IF(J25="",NA(),IFERROR(INDEX(tblHistory[Score],24),NA()))
G26: =G25-7 | H26: =IF(COUNTIFS(tblHistory[Date],">="&G26-6,tblHistory[Date],"<="&G26)=0,NA(),_xlfn.MAXIFS(tblHistory[Score],tblHistory[Date],">="&G26-6,tblHistory[Date],"<="&G26)) | J26: =IFERROR(IF(INDEX(tblHistory[Date],25)>MAX(tblHistory[Date])-364,INDEX(tblHistory[Date],25),""),"") | K26: =IF(J26="",NA(),IFERROR(INDEX(tblHistory[EquityP],25),NA())) | L26: =IF(J26="",NA(),IFERROR(INDEX(tblHistory[FinP],25),NA())) | M26: =IF(J26="",NA(),IFERROR(INDEX(tblHistory[CreditP],25),NA())) | N26: =IF(J26="",NA(),IFERROR(INDEX(tblHistory[Score],25),NA()))
G27: =G26-7 | H27: =IF(COUNTIFS(tblHistory[Date],">="&G27-6,tblHistory[Date],"<="&G27)=0,NA(),_xlfn.MAXIFS(tblHistory[Score],tblHistory[Date],">="&G27-6,tblHistory[Date],"<="&G27)) | J27: =IFERROR(IF(INDEX(tblHistory[Date],26)>MAX(tblHistory[Date])-364,INDEX(tblHistory[Date],26),""),"") | K27: =IF(J27="",NA(),IFERROR(INDEX(tblHistory[EquityP],26),NA())) | L27: =IF(J27="",NA(),IFERROR(INDEX(tblHistory[FinP],26),NA())) | M27: =IF(J27="",NA(),IFERROR(INDEX(tblHistory[CreditP],26),NA())) | N27: =IF(J27="",NA(),IFERROR(INDEX(tblHistory[Score],26),NA()))
J28: =IFERROR(IF(INDEX(tblHistory[Date],27)>MAX(tblHistory[Date])-364,INDEX(tblHistory[Date],27),""),"") | K28: =IF(J28="",NA(),IFERROR(INDEX(tblHistory[EquityP],27),NA())) | L28: =IF(J28="",NA(),IFERROR(INDEX(tblHistory[FinP],27),NA())) | M28: =IF(J28="",NA(),IFERROR(INDEX(tblHistory[CreditP],27),NA())) | N28: =IF(J28="",NA(),IFERROR(INDEX(tblHistory[Score],27),NA()))
J29: =IFERROR(IF(INDEX(tblHistory[Date],28)>MAX(tblHistory[Date])-364,INDEX(tblHistory[Date],28),""),"") | K29: =IF(J29="",NA(),IFERROR(INDEX(tblHistory[EquityP],28),NA())) | L29: =IF(J29="",NA(),IFERROR(INDEX(tblHistory[FinP],28),NA())) | M29: =IF(J29="",NA(),IFERROR(INDEX(tblHistory[CreditP],28),NA())) | N29: =IF(J29="",NA(),IFERROR(INDEX(tblHistory[Score],28),NA()))
J30: =IFERROR(IF(INDEX(tblHistory[Date],29)>MAX(tblHistory[Date])-364,INDEX(tblHistory[Date],29),""),"") | K30: =IF(J30="",NA(),IFERROR(INDEX(tblHistory[EquityP],29),NA())) | L30: =IF(J30="",NA(),IFERROR(INDEX(tblHistory[FinP],29),NA())) | M30: =IF(J30="",NA(),IFERROR(INDEX(tblHistory[CreditP],29),NA())) | N30: =IF(J30="",NA(),IFERROR(INDEX(tblHistory[Score],29),NA()))
J31: =IFERROR(IF(INDEX(tblHistory[Date],30)>MAX(tblHistory[Date])-364,INDEX(tblHistory[Date],30),""),"") | K31: =IF(J31="",NA(),IFERROR(INDEX(tblHistory[EquityP],30),NA())) | L31: =IF(J31="",NA(),IFERROR(INDEX(tblHistory[FinP],30),NA())) | M31: =IF(J31="",NA(),IFERROR(INDEX(tblHistory[CreditP],30),NA())) | N31: =IF(J31="",NA(),IFERROR(INDEX(tblHistory[Score],30),NA()))
J32: =IFERROR(IF(INDEX(tblHistory[Date],31)>MAX(tblHistory[Date])-364,INDEX(tblHistory[Date],31),""),"") | K32: =IF(J32="",NA(),IFERROR(INDEX(tblHistory[EquityP],31),NA())) | L32: =IF(J32="",NA(),IFERROR(INDEX(tblHistory[FinP],31),NA())) | M32: =IF(J32="",NA(),IFERROR(INDEX(tblHistory[CreditP],31),NA())) | N32: =IF(J32="",NA(),IFERROR(INDEX(tblHistory[Score],31),NA()))
J33: =IFERROR(IF(INDEX(tblHistory[Date],32)>MAX(tblHistory[Date])-364,INDEX(tblHistory[Date],32),""),"") | K33: =IF(J33="",NA(),IFERROR(INDEX(tblHistory[EquityP],32),NA())) | L33: =IF(J33="",NA(),IFERROR(INDEX(tblHistory[FinP],32),NA())) | M33: =IF(J33="",NA(),IFERROR(INDEX(tblHistory[CreditP],32),NA())) | N33: =IF(J33="",NA(),IFERROR(INDEX(tblHistory[Score],32),NA()))
J34: =IFERROR(IF(INDEX(tblHistory[Date],33)>MAX(tblHistory[Date])-364,INDEX(tblHistory[Date],33),""),"") | K34: =IF(J34="",NA(),IFERROR(INDEX(tblHistory[EquityP],33),NA())) | L34: =IF(J34="",NA(),IFERROR(INDEX(tblHistory[FinP],33),NA())) | M34: =IF(J34="",NA(),IFERROR(INDEX(tblHistory[CreditP],33),NA())) | N34: =IF(J34="",NA(),IFERROR(INDEX(tblHistory[Score],33),NA()))
J35: =IFERROR(IF(INDEX(tblHistory[Date],34)>MAX(tblHistory[Date])-364,INDEX(tblHistory[Date],34),""),"") | K35: =IF(J35="",NA(),IFERROR(INDEX(tblHistory[EquityP],34),NA())) | L35: =IF(J35="",NA(),IFERROR(INDEX(tblHistory[FinP],34),NA())) | M35: =IF(J35="",NA(),IFERROR(INDEX(tblHistory[CreditP],34),NA())) | N35: =IF(J35="",NA(),IFERROR(INDEX(tblHistory[Score],34),NA()))
J36: =IFERROR(IF(INDEX(tblHistory[Date],35)>MAX(tblHistory[Date])-364,INDEX(tblHistory[Date],35),""),"") | K36: =IF(J36="",NA(),IFERROR(INDEX(tblHistory[EquityP],35),NA())) | L36: =IF(J36="",NA(),IFERROR(INDEX(tblHistory[FinP],35),NA())) | M36: =IF(J36="",NA(),IFERROR(INDEX(tblHistory[CreditP],35),NA())) | N36: =IF(J36="",NA(),IFERROR(INDEX(tblHistory[Score],35),NA()))
J37: =IFERROR(IF(INDEX(tblHistory[Date],36)>MAX(tblHistory[Date])-364,INDEX(tblHistory[Date],36),""),"") | K37: =IF(J37="",NA(),IFERROR(INDEX(tblHistory[EquityP],36),NA())) | L37: =IF(J37="",NA(),IFERROR(INDEX(tblHistory[FinP],36),NA())) | M37: =IF(J37="",NA(),IFERROR(INDEX(tblHistory[CreditP],36),NA())) | N37: =IF(J37="",NA(),IFERROR(INDEX(tblHistory[Score],36),NA()))
J38: =IFERROR(IF(INDEX(tblHistory[Date],37)>MAX(tblHistory[Date])-364,INDEX(tblHistory[Date],37),""),"") | K38: =IF(J38="",NA(),IFERROR(INDEX(tblHistory[EquityP],37),NA())) | L38: =IF(J38="",NA(),IFERROR(INDEX(tblHistory[FinP],37),NA())) | M38: =IF(J38="",NA(),IFERROR(INDEX(tblHistory[CreditP],37),NA())) | N38: =IF(J38="",NA(),IFERROR(INDEX(tblHistory[Score],37),NA()))
J39: =IFERROR(IF(INDEX(tblHistory[Date],38)>MAX(tblHistory[Date])-364,INDEX(tblHistory[Date],38),""),"") | K39: =IF(J39="",NA(),IFERROR(INDEX(tblHistory[EquityP],38),NA())) | L39: =IF(J39="",NA(),IFERROR(INDEX(tblHistory[FinP],38),NA())) | M39: =IF(J39="",NA(),IFERROR(INDEX(tblHistory[CreditP],38),NA())) | N39: =IF(J39="",NA(),IFERROR(INDEX(tblHistory[Score],38),NA()))
J40: =IFERROR(IF(INDEX(tblHistory[Date],39)>MAX(tblHistory[Date])-364,INDEX(tblHistory[Date],39),""),"") | K40: =IF(J40="",NA(),IFERROR(INDEX(tblHistory[EquityP],39),NA())) | L40: =IF(J40="",NA(),IFERROR(INDEX(tblHistory[FinP],39),NA())) | M40: =IF(J40="",NA(),IFERROR(INDEX(tblHistory[CreditP],39),NA())) | N40: =IF(J40="",NA(),IFERROR(INDEX(tblHistory[Score],39),NA()))
J41: =IFERROR(IF(INDEX(tblHistory[Date],40)>MAX(tblHistory[Date])-364,INDEX(tblHistory[Date],40),""),"") | K41: =IF(J41="",NA(),IFERROR(INDEX(tblHistory[EquityP],40),NA())) | L41: =IF(J41="",NA(),IFERROR(INDEX(tblHistory[FinP],40),NA())) | M41: =IF(J41="",NA(),IFERROR(INDEX(tblHistory[CreditP],40),NA())) | N41: =IF(J41="",NA(),IFERROR(INDEX(tblHistory[Score],40),NA()))
J42: =IFERROR(IF(INDEX(tblHistory[Date],41)>MAX(tblHistory[Date])-364,INDEX(tblHistory[Date],41),""),"") | K42: =IF(J42="",NA(),IFERROR(INDEX(tblHistory[EquityP],41),NA())) | L42: =IF(J42="",NA(),IFERROR(INDEX(tblHistory[FinP],41),NA())) | M42: =IF(J42="",NA(),IFERROR(INDEX(tblHistory[CreditP],41),NA())) | N42: =IF(J42="",NA(),IFERROR(INDEX(tblHistory[Score],41),NA()))
J43: =IFERROR(IF(INDEX(tblHistory[Date],42)>MAX(tblHistory[Date])-364,INDEX(tblHistory[Date],42),""),"") | K43: =IF(J43="",NA(),IFERROR(INDEX(tblHistory[EquityP],42),NA())) | L43: =IF(J43="",NA(),IFERROR(INDEX(tblHistory[FinP],42),NA())) | M43: =IF(J43="",NA(),IFERROR(INDEX(tblHistory[CreditP],42),NA())) | N43: =IF(J43="",NA(),IFERROR(INDEX(tblHistory[Score],42),NA()))
J44: =IFERROR(IF(INDEX(tblHistory[Date],43)>MAX(tblHistory[Date])-364,INDEX(tblHistory[Date],43),""),"") | K44: =IF(J44="",NA(),IFERROR(INDEX(tblHistory[EquityP],43),NA())) | L44: =IF(J44="",NA(),IFERROR(INDEX(tblHistory[FinP],43),NA())) | M44: =IF(J44="",NA(),IFERROR(INDEX(tblHistory[CreditP],43),NA())) | N44: =IF(J44="",NA(),IFERROR(INDEX(tblHistory[Score],43),NA()))
J45: =IFERROR(IF(INDEX(tblHistory[Date],44)>MAX(tblHistory[Date])-364,INDEX(tblHistory[Date],44),""),"") | K45: =IF(J45="",NA(),IFERROR(INDEX(tblHistory[EquityP],44),NA())) | L45: =IF(J45="",NA(),IFERROR(INDEX(tblHistory[FinP],44),NA())) | M45: =IF(J45="",NA(),IFERROR(INDEX(tblHistory[CreditP],44),NA())) | N45: =IF(J45="",NA(),IFERROR(INDEX(tblHistory[Score],44),NA()))
J46: =IFERROR(IF(INDEX(tblHistory[Date],45)>MAX(tblHistory[Date])-364,INDEX(tblHistory[Date],45),""),"") | K46: =IF(J46="",NA(),IFERROR(INDEX(tblHistory[EquityP],45),NA())) | L46: =IF(J46="",NA(),IFERROR(INDEX(tblHistory[FinP],45),NA())) | M46: =IF(J46="",NA(),IFERROR(INDEX(tblHistory[CreditP],45),NA())) | N46: =IF(J46="",NA(),IFERROR(INDEX(tblHistory[Score],45),NA()))
J47: =IFERROR(IF(INDEX(tblHistory[Date],46)>MAX(tblHistory[Date])-364,INDEX(tblHistory[Date],46),""),"") | K47: =IF(J47="",NA(),IFERROR(INDEX(tblHistory[EquityP],46),NA())) | L47: =IF(J47="",NA(),IFERROR(INDEX(tblHistory[FinP],46),NA())) | M47: =IF(J47="",NA(),IFERROR(INDEX(tblHistory[CreditP],46),NA())) | N47: =IF(J47="",NA(),IFERROR(INDEX(tblHistory[Score],46),NA()))
J48: =IFERROR(IF(INDEX(tblHistory[Date],47)>MAX(tblHistory[Date])-364,INDEX(tblHistory[Date],47),""),"") | K48: =IF(J48="",NA(),IFERROR(INDEX(tblHistory[EquityP],47),NA())) | L48: =IF(J48="",NA(),IFERROR(INDEX(tblHistory[FinP],47),NA())) | M48: =IF(J48="",NA(),IFERROR(INDEX(tblHistory[CreditP],47),NA())) | N48: =IF(J48="",NA(),IFERROR(INDEX(tblHistory[Score],47),NA()))
J49: =IFERROR(IF(INDEX(tblHistory[Date],48)>MAX(tblHistory[Date])-364,INDEX(tblHistory[Date],48),""),"") | K49: =IF(J49="",NA(),IFERROR(INDEX(tblHistory[EquityP],48),NA())) | L49: =IF(J49="",NA(),IFERROR(INDEX(tblHistory[FinP],48),NA())) | M49: =IF(J49="",NA(),IFERROR(INDEX(tblHistory[CreditP],48),NA())) | N49: =IF(J49="",NA(),IFERROR(INDEX(tblHistory[Score],48),NA()))
J50: =IFERROR(IF(INDEX(tblHistory[Date],49)>MAX(tblHistory[Date])-364,INDEX(tblHistory[Date],49),""),"") | K50: =IF(J50="",NA(),IFERROR(INDEX(tblHistory[EquityP],49),NA())) | L50: =IF(J50="",NA(),IFERROR(INDEX(tblHistory[FinP],49),NA())) | M50: =IF(J50="",NA(),IFERROR(INDEX(tblHistory[CreditP],49),NA())) | N50: =IF(J50="",NA(),IFERROR(INDEX(tblHistory[Score],49),NA()))
J51: =IFERROR(IF(INDEX(tblHistory[Date],50)>MAX(tblHistory[Date])-364,INDEX(tblHistory[Date],50),""),"") | K51: =IF(J51="",NA(),IFERROR(INDEX(tblHistory[EquityP],50),NA())) | L51: =IF(J51="",NA(),IFERROR(INDEX(tblHistory[FinP],50),NA())) | M51: =IF(J51="",NA(),IFERROR(INDEX(tblHistory[CreditP],50),NA())) | N51: =IF(J51="",NA(),IFERROR(INDEX(tblHistory[Score],50),NA()))
J52: =IFERROR(IF(INDEX(tblHistory[Date],51)>MAX(tblHistory[Date])-364,INDEX(tblHistory[Date],51),""),"") | K52: =IF(J52="",NA(),IFERROR(INDEX(tblHistory[EquityP],51),NA())) | L52: =IF(J52="",NA(),IFERROR(INDEX(tblHistory[FinP],51),NA())) | M52: =IF(J52="",NA(),IFERROR(INDEX(tblHistory[CreditP],51),NA())) | N52: =IF(J52="",NA(),IFERROR(INDEX(tblHistory[Score],51),NA()))
J53: =IFERROR(IF(INDEX(tblHistory[Date],52)>MAX(tblHistory[Date])-364,INDEX(tblHistory[Date],52),""),"") | K53: =IF(J53="",NA(),IFERROR(INDEX(tblHistory[EquityP],52),NA())) | L53: =IF(J53="",NA(),IFERROR(INDEX(tblHistory[FinP],52),NA())) | M53: =IF(J53="",NA(),IFERROR(INDEX(tblHistory[CreditP],52),NA())) | N53: =IF(J53="",NA(),IFERROR(INDEX(tblHistory[Score],52),NA()))
J54: =IFERROR(IF(INDEX(tblHistory[Date],53)>MAX(tblHistory[Date])-364,INDEX(tblHistory[Date],53),""),"") | K54: =IF(J54="",NA(),IFERROR(INDEX(tblHistory[EquityP],53),NA())) | L54: =IF(J54="",NA(),IFERROR(INDEX(tblHistory[FinP],53),NA())) | M54: =IF(J54="",NA(),IFERROR(INDEX(tblHistory[CreditP],53),NA())) | N54: =IF(J54="",NA(),IFERROR(INDEX(tblHistory[Score],53),NA()))
J55: =IFERROR(IF(INDEX(tblHistory[Date],54)>MAX(tblHistory[Date])-364,INDEX(tblHistory[Date],54),""),"") | K55: =IF(J55="",NA(),IFERROR(INDEX(tblHistory[EquityP],54),NA())) | L55: =IF(J55="",NA(),IFERROR(INDEX(tblHistory[FinP],54),NA())) | M55: =IF(J55="",NA(),IFERROR(INDEX(tblHistory[CreditP],54),NA())) | N55: =IF(J55="",NA(),IFERROR(INDEX(tblHistory[Score],54),NA()))
J56: =IFERROR(IF(INDEX(tblHistory[Date],55)>MAX(tblHistory[Date])-364,INDEX(tblHistory[Date],55),""),"") | K56: =IF(J56="",NA(),IFERROR(INDEX(tblHistory[EquityP],55),NA())) | L56: =IF(J56="",NA(),IFERROR(INDEX(tblHistory[FinP],55),NA())) | M56: =IF(J56="",NA(),IFERROR(INDEX(tblHistory[CreditP],55),NA())) | N56: =IF(J56="",NA(),IFERROR(INDEX(tblHistory[Score],55),NA()))
J57: =IFERROR(IF(INDEX(tblHistory[Date],56)>MAX(tblHistory[Date])-364,INDEX(tblHistory[Date],56),""),"") | K57: =IF(J57="",NA(),IFERROR(INDEX(tblHistory[EquityP],56),NA())) | L57: =IF(J57="",NA(),IFERROR(INDEX(tblHistory[FinP],56),NA())) | M57: =IF(J57="",NA(),IFERROR(INDEX(tblHistory[CreditP],56),NA())) | N57: =IF(J57="",NA(),IFERROR(INDEX(tblHistory[Score],56),NA()))
J58: =IFERROR(IF(INDEX(tblHistory[Date],57)>MAX(tblHistory[Date])-364,INDEX(tblHistory[Date],57),""),"") | K58: =IF(J58="",NA(),IFERROR(INDEX(tblHistory[EquityP],57),NA())) | L58: =IF(J58="",NA(),IFERROR(INDEX(tblHistory[FinP],57),NA())) | M58: =IF(J58="",NA(),IFERROR(INDEX(tblHistory[CreditP],57),NA())) | N58: =IF(J58="",NA(),IFERROR(INDEX(tblHistory[Score],57),NA()))
J59: =IFERROR(IF(INDEX(tblHistory[Date],58)>MAX(tblHistory[Date])-364,INDEX(tblHistory[Date],58),""),"") | K59: =IF(J59="",NA(),IFERROR(INDEX(tblHistory[EquityP],58),NA())) | L59: =IF(J59="",NA(),IFERROR(INDEX(tblHistory[FinP],58),NA())) | M59: =IF(J59="",NA(),IFERROR(INDEX(tblHistory[CreditP],58),NA())) | N59: =IF(J59="",NA(),IFERROR(INDEX(tblHistory[Score],58),NA()))
J60: =IFERROR(IF(INDEX(tblHistory[Date],59)>MAX(tblHistory[Date])-364,INDEX(tblHistory[Date],59),""),"") | K60: =IF(J60="",NA(),IFERROR(INDEX(tblHistory[EquityP],59),NA())) | L60: =IF(J60="",NA(),IFERROR(INDEX(tblHistory[FinP],59),NA())) | M60: =IF(J60="",NA(),IFERROR(INDEX(tblHistory[CreditP],59),NA())) | N60: =IF(J60="",NA(),IFERROR(INDEX(tblHistory[Score],59),NA()))
J61: =IFERROR(IF(INDEX(tblHistory[Date],60)>MAX(tblHistory[Date])-364,INDEX(tblHistory[Date],60),""),"") | K61: =IF(J61="",NA(),IFERROR(INDEX(tblHistory[EquityP],60),NA())) | L61: =IF(J61="",NA(),IFERROR(INDEX(tblHistory[FinP],60),NA())) | M61: =IF(J61="",NA(),IFERROR(INDEX(tblHistory[CreditP],60),NA())) | N61: =IF(J61="",NA(),IFERROR(INDEX(tblHistory[Score],60),NA()))
J62: =IFERROR(IF(INDEX(tblHistory[Date],61)>MAX(tblHistory[Date])-364,INDEX(tblHistory[Date],61),""),"") | K62: =IF(J62="",NA(),IFERROR(INDEX(tblHistory[EquityP],61),NA())) | L62: =IF(J62="",NA(),IFERROR(INDEX(tblHistory[FinP],61),NA())) | M62: =IF(J62="",NA(),IFERROR(INDEX(tblHistory[CreditP],61),NA())) | N62: =IF(J62="",NA(),IFERROR(INDEX(tblHistory[Score],61),NA()))
J63: =IFERROR(IF(INDEX(tblHistory[Date],62)>MAX(tblHistory[Date])-364,INDEX(tblHistory[Date],62),""),"") | K63: =IF(J63="",NA(),IFERROR(INDEX(tblHistory[EquityP],62),NA())) | L63: =IF(J63="",NA(),IFERROR(INDEX(tblHistory[FinP],62),NA())) | M63: =IF(J63="",NA(),IFERROR(INDEX(tblHistory[CreditP],62),NA())) | N63: =IF(J63="",NA(),IFERROR(INDEX(tblHistory[Score],62),NA()))
J64: =IFERROR(IF(INDEX(tblHistory[Date],63)>MAX(tblHistory[Date])-364,INDEX(tblHistory[Date],63),""),"") | K64: =IF(J64="",NA(),IFERROR(INDEX(tblHistory[EquityP],63),NA())) | L64: =IF(J64="",NA(),IFERROR(INDEX(tblHistory[FinP],63),NA())) | M64: =IF(J64="",NA(),IFERROR(INDEX(tblHistory[CreditP],63),NA())) | N64: =IF(J64="",NA(),IFERROR(INDEX(tblHistory[Score],63),NA()))
J65: =IFERROR(IF(INDEX(tblHistory[Date],64)>MAX(tblHistory[Date])-364,INDEX(tblHistory[Date],64),""),"") | K65: =IF(J65="",NA(),IFERROR(INDEX(tblHistory[EquityP],64),NA())) | L65: =IF(J65="",NA(),IFERROR(INDEX(tblHistory[FinP],64),NA())) | M65: =IF(J65="",NA(),IFERROR(INDEX(tblHistory[CreditP],64),NA())) | N65: =IF(J65="",NA(),IFERROR(INDEX(tblHistory[Score],64),NA()))
J66: =IFERROR(IF(INDEX(tblHistory[Date],65)>MAX(tblHistory[Date])-364,INDEX(tblHistory[Date],65),""),"") | K66: =IF(J66="",NA(),IFERROR(INDEX(tblHistory[EquityP],65),NA())) | L66: =IF(J66="",NA(),IFERROR(INDEX(tblHistory[FinP],65),NA())) | M66: =IF(J66="",NA(),IFERROR(INDEX(tblHistory[CreditP],65),NA())) | N66: =IF(J66="",NA(),IFERROR(INDEX(tblHistory[Score],65),NA()))
J67: =IFERROR(IF(INDEX(tblHistory[Date],66)>MAX(tblHistory[Date])-364,INDEX(tblHistory[Date],66),""),"") | K67: =IF(J67="",NA(),IFERROR(INDEX(tblHistory[EquityP],66),NA())) | L67: =IF(J67="",NA(),IFERROR(INDEX(tblHistory[FinP],66),NA())) | M67: =IF(J67="",NA(),IFERROR(INDEX(tblHistory[CreditP],66),NA())) | N67: =IF(J67="",NA(),IFERROR(INDEX(tblHistory[Score],66),NA()))
J68: =IFERROR(IF(INDEX(tblHistory[Date],67)>MAX(tblHistory[Date])-364,INDEX(tblHistory[Date],67),""),"") | K68: =IF(J68="",NA(),IFERROR(INDEX(tblHistory[EquityP],67),NA())) | L68: =IF(J68="",NA(),IFERROR(INDEX(tblHistory[FinP],67),NA())) | M68: =IF(J68="",NA(),IFERROR(INDEX(tblHistory[CreditP],67),NA())) | N68: =IF(J68="",NA(),IFERROR(INDEX(tblHistory[Score],67),NA()))
J69: =IFERROR(IF(INDEX(tblHistory[Date],68)>MAX(tblHistory[Date])-364,INDEX(tblHistory[Date],68),""),"") | K69: =IF(J69="",NA(),IFERROR(INDEX(tblHistory[EquityP],68),NA())) | L69: =IF(J69="",NA(),IFERROR(INDEX(tblHistory[FinP],68),NA())) | M69: =IF(J69="",NA(),IFERROR(INDEX(tblHistory[CreditP],68),NA())) | N69: =IF(J69="",NA(),IFERROR(INDEX(tblHistory[Score],68),NA()))
J70: =IFERROR(IF(INDEX(tblHistory[Date],69)>MAX(tblHistory[Date])-364,INDEX(tblHistory[Date],69),""),"") | K70: =IF(J70="",NA(),IFERROR(INDEX(tblHistory[EquityP],69),NA())) | L70: =IF(J70="",NA(),IFERROR(INDEX(tblHistory[FinP],69),NA())) | M70: =IF(J70="",NA(),IFERROR(INDEX(tblHistory[CreditP],69),NA())) | N70: =IF(J70="",NA(),IFERROR(INDEX(tblHistory[Score],69),NA()))
J71: =IFERROR(IF(INDEX(tblHistory[Date],70)>MAX(tblHistory[Date])-364,INDEX(tblHistory[Date],70),""),"") | K71: =IF(J71="",NA(),IFERROR(INDEX(tblHistory[EquityP],70),NA())) | L71: =IF(J71="",NA(),IFERROR(INDEX(tblHistory[FinP],70),NA())) | M71: =IF(J71="",NA(),IFERROR(INDEX(tblHistory[CreditP],70),NA())) | N71: =IF(J71="",NA(),IFERROR(INDEX(tblHistory[Score],70),NA()))
J72: =IFERROR(IF(INDEX(tblHistory[Date],71)>MAX(tblHistory[Date])-364,INDEX(tblHistory[Date],71),""),"") | K72: =IF(J72="",NA(),IFERROR(INDEX(tblHistory[EquityP],71),NA())) | L72: =IF(J72="",NA(),IFERROR(INDEX(tblHistory[FinP],71),NA())) | M72: =IF(J72="",NA(),IFERROR(INDEX(tblHistory[CreditP],71),NA())) | N72: =IF(J72="",NA(),IFERROR(INDEX(tblHistory[Score],71),NA()))
J73: =IFERROR(IF(INDEX(tblHistory[Date],72)>MAX(tblHistory[Date])-364,INDEX(tblHistory[Date],72),""),"") | K73: =IF(J73="",NA(),IFERROR(INDEX(tblHistory[EquityP],72),NA())) | L73: =IF(J73="",NA(),IFERROR(INDEX(tblHistory[FinP],72),NA())) | M73: =IF(J73="",NA(),IFERROR(INDEX(tblHistory[CreditP],72),NA())) | N73: =IF(J73="",NA(),IFERROR(INDEX(tblHistory[Score],72),NA()))
J74: =IFERROR(IF(INDEX(tblHistory[Date],73)>MAX(tblHistory[Date])-364,INDEX(tblHistory[Date],73),""),"") | K74: =IF(J74="",NA(),IFERROR(INDEX(tblHistory[EquityP],73),NA())) | L74: =IF(J74="",NA(),IFERROR(INDEX(tblHistory[FinP],73),NA())) | M74: =IF(J74="",NA(),IFERROR(INDEX(tblHistory[CreditP],73),NA())) | N74: =IF(J74="",NA(),IFERROR(INDEX(tblHistory[Score],73),NA()))
J75: =IFERROR(IF(INDEX(tblHistory[Date],74)>MAX(tblHistory[Date])-364,INDEX(tblHistory[Date],74),""),"") | K75: =IF(J75="",NA(),IFERROR(INDEX(tblHistory[EquityP],74),NA())) | L75: =IF(J75="",NA(),IFERROR(INDEX(tblHistory[FinP],74),NA())) | M75: =IF(J75="",NA(),IFERROR(INDEX(tblHistory[CreditP],74),NA())) | N75: =IF(J75="",NA(),IFERROR(INDEX(tblHistory[Score],74),NA()))
J76: =IFERROR(IF(INDEX(tblHistory[Date],75)>MAX(tblHistory[Date])-364,INDEX(tblHistory[Date],75),""),"") | K76: =IF(J76="",NA(),IFERROR(INDEX(tblHistory[EquityP],75),NA())) | L76: =IF(J76="",NA(),IFERROR(INDEX(tblHistory[FinP],75),NA())) | M76: =IF(J76="",NA(),IFERROR(INDEX(tblHistory[CreditP],75),NA())) | N76: =IF(J76="",NA(),IFERROR(INDEX(tblHistory[Score],75),NA()))
J77: =IFERROR(IF(INDEX(tblHistory[Date],76)>MAX(tblHistory[Date])-364,INDEX(tblHistory[Date],76),""),"") | K77: =IF(J77="",NA(),IFERROR(INDEX(tblHistory[EquityP],76),NA())) | L77: =IF(J77="",NA(),IFERROR(INDEX(tblHistory[FinP],76),NA())) | M77: =IF(J77="",NA(),IFERROR(INDEX(tblHistory[CreditP],76),NA())) | N77: =IF(J77="",NA(),IFERROR(INDEX(tblHistory[Score],76),NA()))
J78: =IFERROR(IF(INDEX(tblHistory[Date],77)>MAX(tblHistory[Date])-364,INDEX(tblHistory[Date],77),""),"") | K78: =IF(J78="",NA(),IFERROR(INDEX(tblHistory[EquityP],77),NA())) | L78: =IF(J78="",NA(),IFERROR(INDEX(tblHistory[FinP],77),NA())) | M78: =IF(J78="",NA(),IFERROR(INDEX(tblHistory[CreditP],77),NA())) | N78: =IF(J78="",NA(),IFERROR(INDEX(tblHistory[Score],77),NA()))
J79: =IFERROR(IF(INDEX(tblHistory[Date],78)>MAX(tblHistory[Date])-364,INDEX(tblHistory[Date],78),""),"") | K79: =IF(J79="",NA(),IFERROR(INDEX(tblHistory[EquityP],78),NA())) | L79: =IF(J79="",NA(),IFERROR(INDEX(tblHistory[FinP],78),NA())) | M79: =IF(J79="",NA(),IFERROR(INDEX(tblHistory[CreditP],78),NA())) | N79: =IF(J79="",NA(),IFERROR(INDEX(tblHistory[Score],78),NA()))
J80: =IFERROR(IF(INDEX(tblHistory[Date],79)>MAX(tblHistory[Date])-364,INDEX(tblHistory[Date],79),""),"") | K80: =IF(J80="",NA(),IFERROR(INDEX(tblHistory[EquityP],79),NA())) | L80: =IF(J80="",NA(),IFERROR(INDEX(tblHistory[FinP],79),NA())) | M80: =IF(J80="",NA(),IFERROR(INDEX(tblHistory[CreditP],79),NA())) | N80: =IF(J80="",NA(),IFERROR(INDEX(tblHistory[Score],79),NA()))
J81: =IFERROR(IF(INDEX(tblHistory[Date],80)>MAX(tblHistory[Date])-364,INDEX(tblHistory[Date],80),""),"") | K81: =IF(J81="",NA(),IFERROR(INDEX(tblHistory[EquityP],80),NA())) | L81: =IF(J81="",NA(),IFERROR(INDEX(tblHistory[FinP],80),NA())) | M81: =IF(J81="",NA(),IFERROR(INDEX(tblHistory[CreditP],80),NA())) | N81: =IF(J81="",NA(),IFERROR(INDEX(tblHistory[Score],80),NA()))
J82: =IFERROR(IF(INDEX(tblHistory[Date],81)>MAX(tblHistory[Date])-364,INDEX(tblHistory[Date],81),""),"") | K82: =IF(J82="",NA(),IFERROR(INDEX(tblHistory[EquityP],81),NA())) | L82: =IF(J82="",NA(),IFERROR(INDEX(tblHistory[FinP],81),NA())) | M82: =IF(J82="",NA(),IFERROR(INDEX(tblHistory[CreditP],81),NA())) | N82: =IF(J82="",NA(),IFERROR(INDEX(tblHistory[Score],81),NA()))
J83: =IFERROR(IF(INDEX(tblHistory[Date],82)>MAX(tblHistory[Date])-364,INDEX(tblHistory[Date],82),""),"") | K83: =IF(J83="",NA(),IFERROR(INDEX(tblHistory[EquityP],82),NA())) | L83: =IF(J83="",NA(),IFERROR(INDEX(tblHistory[FinP],82),NA())) | M83: =IF(J83="",NA(),IFERROR(INDEX(tblHistory[CreditP],82),NA())) | N83: =IF(J83="",NA(),IFERROR(INDEX(tblHistory[Score],82),NA()))
J84: =IFERROR(IF(INDEX(tblHistory[Date],83)>MAX(tblHistory[Date])-364,INDEX(tblHistory[Date],83),""),"") | K84: =IF(J84="",NA(),IFERROR(INDEX(tblHistory[EquityP],83),NA())) | L84: =IF(J84="",NA(),IFERROR(INDEX(tblHistory[FinP],83),NA())) | M84: =IF(J84="",NA(),IFERROR(INDEX(tblHistory[CreditP],83),NA())) | N84: =IF(J84="",NA(),IFERROR(INDEX(tblHistory[Score],83),NA()))
J85: =IFERROR(IF(INDEX(tblHistory[Date],84)>MAX(tblHistory[Date])-364,INDEX(tblHistory[Date],84),""),"") | K85: =IF(J85="",NA(),IFERROR(INDEX(tblHistory[EquityP],84),NA())) | L85: =IF(J85="",NA(),IFERROR(INDEX(tblHistory[FinP],84),NA())) | M85: =IF(J85="",NA(),IFERROR(INDEX(tblHistory[CreditP],84),NA())) | N85: =IF(J85="",NA(),IFERROR(INDEX(tblHistory[Score],84),NA()))
J86: =IFERROR(IF(INDEX(tblHistory[Date],85)>MAX(tblHistory[Date])-364,INDEX(tblHistory[Date],85),""),"") | K86: =IF(J86="",NA(),IFERROR(INDEX(tblHistory[EquityP],85),NA())) | L86: =IF(J86="",NA(),IFERROR(INDEX(tblHistory[FinP],85),NA())) | M86: =IF(J86="",NA(),IFERROR(INDEX(tblHistory[CreditP],85),NA())) | N86: =IF(J86="",NA(),IFERROR(INDEX(tblHistory[Score],85),NA()))
J87: =IFERROR(IF(INDEX(tblHistory[Date],86)>MAX(tblHistory[Date])-364,INDEX(tblHistory[Date],86),""),"") | K87: =IF(J87="",NA(),IFERROR(INDEX(tblHistory[EquityP],86),NA())) | L87: =IF(J87="",NA(),IFERROR(INDEX(tblHistory[FinP],86),NA())) | M87: =IF(J87="",NA(),IFERROR(INDEX(tblHistory[CreditP],86),NA())) | N87: =IF(J87="",NA(),IFERROR(INDEX(tblHistory[Score],86),NA()))
J88: =IFERROR(IF(INDEX(tblHistory[Date],87)>MAX(tblHistory[Date])-364,INDEX(tblHistory[Date],87),""),"") | K88: =IF(J88="",NA(),IFERROR(INDEX(tblHistory[EquityP],87),NA())) | L88: =IF(J88="",NA(),IFERROR(INDEX(tblHistory[FinP],87),NA())) | M88: =IF(J88="",NA(),IFERROR(INDEX(tblHistory[CreditP],87),NA())) | N88: =IF(J88="",NA(),IFERROR(INDEX(tblHistory[Score],87),NA()))
J89: =IFERROR(IF(INDEX(tblHistory[Date],88)>MAX(tblHistory[Date])-364,INDEX(tblHistory[Date],88),""),"") | K89: =IF(J89="",NA(),IFERROR(INDEX(tblHistory[EquityP],88),NA())) | L89: =IF(J89="",NA(),IFERROR(INDEX(tblHistory[FinP],88),NA())) | M89: =IF(J89="",NA(),IFERROR(INDEX(tblHistory[CreditP],88),NA())) | N89: =IF(J89="",NA(),IFERROR(INDEX(tblHistory[Score],88),NA()))
J90: =IFERROR(IF(INDEX(tblHistory[Date],89)>MAX(tblHistory[Date])-364,INDEX(tblHistory[Date],89),""),"") | K90: =IF(J90="",NA(),IFERROR(INDEX(tblHistory[EquityP],89),NA())) | L90: =IF(J90="",NA(),IFERROR(INDEX(tblHistory[FinP],89),NA())) | M90: =IF(J90="",NA(),IFERROR(INDEX(tblHistory[CreditP],89),NA())) | N90: =IF(J90="",NA(),IFERROR(INDEX(tblHistory[Score],89),NA()))
J91: =IFERROR(IF(INDEX(tblHistory[Date],90)>MAX(tblHistory[Date])-364,INDEX(tblHistory[Date],90),""),"") | K91: =IF(J91="",NA(),IFERROR(INDEX(tblHistory[EquityP],90),NA())) | L91: =IF(J91="",NA(),IFERROR(INDEX(tblHistory[FinP],90),NA())) | M91: =IF(J91="",NA(),IFERROR(INDEX(tblHistory[CreditP],90),NA())) | N91: =IF(J91="",NA(),IFERROR(INDEX(tblHistory[Score],90),NA()))
J92: =IFERROR(IF(INDEX(tblHistory[Date],91)>MAX(tblHistory[Date])-364,INDEX(tblHistory[Date],91),""),"") | K92: =IF(J92="",NA(),IFERROR(INDEX(tblHistory[EquityP],91),NA())) | L92: =IF(J92="",NA(),IFERROR(INDEX(tblHistory[FinP],91),NA())) | M92: =IF(J92="",NA(),IFERROR(INDEX(tblHistory[CreditP],91),NA())) | N92: =IF(J92="",NA(),IFERROR(INDEX(tblHistory[Score],91),NA()))
J93: =IFERROR(IF(INDEX(tblHistory[Date],92)>MAX(tblHistory[Date])-364,INDEX(tblHistory[Date],92),""),"") | K93: =IF(J93="",NA(),IFERROR(INDEX(tblHistory[EquityP],92),NA())) | L93: =IF(J93="",NA(),IFERROR(INDEX(tblHistory[FinP],92),NA())) | M93: =IF(J93="",NA(),IFERROR(INDEX(tblHistory[CreditP],92),NA())) | N93: =IF(J93="",NA(),IFERROR(INDEX(tblHistory[Score],92),NA()))
J94: =IFERROR(IF(INDEX(tblHistory[Date],93)>MAX(tblHistory[Date])-364,INDEX(tblHistory[Date],93),""),"") | K94: =IF(J94="",NA(),IFERROR(INDEX(tblHistory[EquityP],93),NA())) | L94: =IF(J94="",NA(),IFERROR(INDEX(tblHistory[FinP],93),NA())) | M94: =IF(J94="",NA(),IFERROR(INDEX(tblHistory[CreditP],93),NA())) | N94: =IF(J94="",NA(),IFERROR(INDEX(tblHistory[Score],93),NA()))
J95: =IFERROR(IF(INDEX(tblHistory[Date],94)>MAX(tblHistory[Date])-364,INDEX(tblHistory[Date],94),""),"") | K95: =IF(J95="",NA(),IFERROR(INDEX(tblHistory[EquityP],94),NA())) | L95: =IF(J95="",NA(),IFERROR(INDEX(tblHistory[FinP],94),NA())) | M95: =IF(J95="",NA(),IFERROR(INDEX(tblHistory[CreditP],94),NA())) | N95: =IF(J95="",NA(),IFERROR(INDEX(tblHistory[Score],94),NA()))
J96: =IFERROR(IF(INDEX(tblHistory[Date],95)>MAX(tblHistory[Date])-364,INDEX(tblHistory[Date],95),""),"") | K96: =IF(J96="",NA(),IFERROR(INDEX(tblHistory[EquityP],95),NA())) | L96: =IF(J96="",NA(),IFERROR(INDEX(tblHistory[FinP],95),NA())) | M96: =IF(J96="",NA(),IFERROR(INDEX(tblHistory[CreditP],95),NA())) | N96: =IF(J96="",NA(),IFERROR(INDEX(tblHistory[Score],95),NA()))
J97: =IFERROR(IF(INDEX(tblHistory[Date],96)>MAX(tblHistory[Date])-364,INDEX(tblHistory[Date],96),""),"") | K97: =IF(J97="",NA(),IFERROR(INDEX(tblHistory[EquityP],96),NA())) | L97: =IF(J97="",NA(),IFERROR(INDEX(tblHistory[FinP],96),NA())) | M97: =IF(J97="",NA(),IFERROR(INDEX(tblHistory[CreditP],96),NA())) | N97: =IF(J97="",NA(),IFERROR(INDEX(tblHistory[Score],96),NA()))
J98: =IFERROR(IF(INDEX(tblHistory[Date],97)>MAX(tblHistory[Date])-364,INDEX(tblHistory[Date],97),""),"") | K98: =IF(J98="",NA(),IFERROR(INDEX(tblHistory[EquityP],97),NA())) | L98: =IF(J98="",NA(),IFERROR(INDEX(tblHistory[FinP],97),NA())) | M98: =IF(J98="",NA(),IFERROR(INDEX(tblHistory[CreditP],97),NA())) | N98: =IF(J98="",NA(),IFERROR(INDEX(tblHistory[Score],97),NA()))
J99: =IFERROR(IF(INDEX(tblHistory[Date],98)>MAX(tblHistory[Date])-364,INDEX(tblHistory[Date],98),""),"") | K99: =IF(J99="",NA(),IFERROR(INDEX(tblHistory[EquityP],98),NA())) | L99: =IF(J99="",NA(),IFERROR(INDEX(tblHistory[FinP],98),NA())) | M99: =IF(J99="",NA(),IFERROR(INDEX(tblHistory[CreditP],98),NA())) | N99: =IF(J99="",NA(),IFERROR(INDEX(tblHistory[Score],98),NA()))
J100: =IFERROR(IF(INDEX(tblHistory[Date],99)>MAX(tblHistory[Date])-364,INDEX(tblHistory[Date],99),""),"") | K100: =IF(J100="",NA(),IFERROR(INDEX(tblHistory[EquityP],99),NA())) | L100: =IF(J100="",NA(),IFERROR(INDEX(tblHistory[FinP],99),NA())) | M100: =IF(J100="",NA(),IFERROR(INDEX(tblHistory[CreditP],99),NA())) | N100: =IF(J100="",NA(),IFERROR(INDEX(tblHistory[Score],99),NA()))
...
